SKU,Price,BASE CUSTOM PRICE
"EFSCH-20134E1-108","129.0000","129.0000"
"BN-SBN11VET1206-108","199.0000","199.0000"
"BN-SBN11VET1206-120","209.0000","209.0000"
"BN-SBN11VET1206-84","169.0000","169.0000"
"BN-SBN11VET1206-96","189.0000","189.0000"
"BN-SCY22VET1206-108","199.0000","199.0000"
"BN-SCY22VET1206-120","209.0000","209.0000"
"BN-SCY22VET1206-84","169.0000","169.0000"
"BN-SCY22VET1206-96","189.0000","189.0000"
"BN-SG17VET1206-108","199.0000","199.0000"
"BN-SG17VET1206-120","209.0000","209.0000"
"BN-SG17VET1206-84","169.0000","125.0000"
"BN-SG17VET1206-96","120.0000","124.0000"
"BN-SMB19VET1206-108","199.0000","199.0000"
"BN-SMB19VET1206-120","209.0000","209.0000"
"BN-SMB19VET1206-84","169.0000","169.0000"
"BN-SMB19VET1206-96","189.0000","189.0000"
"BN-SMR04VET1206-108","199.0000","199.0000"
"BN-SMR04VET1206-120","209.0000","209.0000"
"BN-SMR04VET1206-84","169.0000","169.0000"
"BN-SMR04VET1206-96","189.0000","189.0000"
"BN-SPW28VET1206-108","199.0000","199.0000"
"BN-SPW28VET1206-120","209.0000","209.0000"
"BN-SPW28VET1206-84","169.0000","169.0000"
"BN-SPW28VET1206-96","189.0000","189.0000"
"BN-STG16VET1206-108","199.0000","199.0000"
"BN-STG16VET1206-120","209.0000","209.0000"
"BN-STG16VET1206-84","169.0000","169.0000"
"BN-STG16VET1206-96","189.0000","189.0000"
"BOCH-120601-108","39.0000","39.0000"
"BOCH-120601-108-GR","39.0000","39.0000"
"BOCH-120601-120","44.0000","44.0000"
"BOCH-120601-120-GR","44.0000","44.0000"
"BOCH-120601-84","29.0000","29.0000"
"BOCH-120601-84-GR","29.0000","29.0000"
"BOCH-120601-96","34.0000","34.0000"
"BOCH-120601-96-GR","34.0000","34.0000"
"BOCH-131009-108","39.0000","39.0000"
"BOCH-131009-108-GR","39.0000","39.0000"
"BOCH-131009-120","44.0000","44.0000"
"BOCH-131009-120-GR","44.0000","44.0000"
"BOCH-131009-84","29.0000","29.0000"
"BOCH-131009-84-GR","29.0000","29.0000"
"BOCH-131009-96","34.0000","34.0000"
"BOCH-131009-96-GR","34.0000","34.0000"
"BOCH-174402-108","39.0000","39.0000"
"BOCH-174402-120","44.0000","44.0000"
"BOCH-174402-120-GR","44.0000","44.0000"
"BOCH-174402-84","29.0000","29.0000"
"BOCH-174402-84-GR","29.0000","29.0000"
"BOCH-174402-96","34.0000","34.0000"
"BOCH-174402-96-GR","34.0000","34.0000"
"BOCH-174402-96-GR","39.0000","39.0000"
"BOCH-190303-108","39.0000","39.0000"
"BOCH-190303-108-GR","39.0000","39.0000"
"BOCH-190303-120","44.0000","44.0000"
"BOCH-190303-120-GR","44.0000","44.0000"
"BOCH-190303-84","29.0000","29.0000"
"BOCH-190303-84-GR","29.0000","29.0000"
"BOCH-190303-96","34.0000","34.0000"
"BOCH-190303-96-GR","34.0000","34.0000"
"BOCH-191016-108","39.0000","39.0000"
"BOCH-191016-108-GR","39.0000","39.0000"
"BOCH-191016-120","44.0000","44.0000"
"BOCH-191016-120-GR","44.0000","44.0000"
"BOCH-191016-84","29.0000","29.0000"
"BOCH-191016-84-GR","29.0000","29.0000"
"BOCH-191016-96","34.0000","34.0000"
"BOCH-191016-96-GR","34.0000","34.0000"
"BOCH-193810-108","39.0000","39.0000"
"BOCH-193810-108-GR","39.0000","39.0000"
"BOCH-193810-120","44.0000","44.0000"
"BOCH-193810-120-GR","44.0000","44.0000"
"BOCH-193810-84","29.0000","29.0000"
"BOCH-193810-84-GR","29.0000","29.0000"
"BOCH-193810-96","34.0000","34.0000"
"BOCH-193810-96-GR","34.0000","34.0000"
"BOCH-201301-108","39.0000","39.0000"
"BOCH-201301-108-GR","39.0000","39.0000"
"BOCH-201301-120","44.0000","44.0000"
"BOCH-201301-120-GR","44.0000","44.0000"
"BOCH-201301-84","29.0000","29.0000"
"BOCH-201301-84-GR","29.0000","29.0000"
"BOCH-201301-96","34.0000","34.0000"
"BOCH-201301-96-GR","34.0000","34.0000"
"BOCH-201302-108","39.0000","39.0000"
"BOCH-201302-108-GR","39.0000","39.0000"
"BOCH-201302-120","44.0000","44.0000"
"BOCH-201302-120-GR","44.0000","44.0000"
"BOCH-201302-84","29.0000","29.0000"
"BOCH-201302-84-GR","29.0000","29.0000"
"BOCH-201302-96","34.0000","34.0000"
"BOCH-201302-96-GR","34.0000","34.0000"
"BOCH-201303-108","39.0000","39.0000"
"BOCH-201303-108-GR","39.0000","39.0000"
"BOCH-201303-120","44.0000","44.0000"
"BOCH-201303-120-GR","44.0000","44.0000"
"BOCH-201303-84","29.0000","29.0000"
"BOCH-201303-84-GR","29.0000","29.0000"
"BOCH-201303-96","34.0000","34.0000"
"BOCH-201303-96-GR","34.0000","34.0000"
"BOCH-201304-108","39.0000","39.0000"
"BOCH-201304-108-GR","39.0000","39.0000"
"BOCH-201304-120","44.0000","44.0000"
"BOCH-201304-120-GR","44.0000","44.0000"
"BOCH-201304-63","29.0000","29.0000"
"BOCH-201304-84-GR","29.0000","29.0000"
"BOCH-201304-96","34.0000","34.0000"
"BOCH-201304-96-GR","34.0000","34.0000"
"BOCH-201305-108","39.0000","39.0000"
"BOCH-201305-108-GR","39.0000","39.0000"
"BOCH-201305-120","44.0000","44.0000"
"BOCH-201305-120-GR","44.0000","44.0000"
"BOCH-201305-84","29.0000","29.0000"
"BOCH-201305-84-GR","29.0000","29.0000"
"BOCH-201305-96","34.0000","34.0000"
"BOCH-201305-96-GR","34.0000","34.0000"
"BOCH-KC1-108","59.9900","59.9900"
"BOCH-KC1-120","64.9900","64.9900"
"BOCH-KC1-84","49.9900","49.9900"
"BOCH-KC1-96","54.9900","54.9900"
"BOCH-KC20-108","64.9900","64.9900"
"BOCH-KC20-120","69.9900","69.9900"
"BOCH-KC20-84","54.9900","54.9900"
"BOCH-KC20-96","59.9900","59.9900"
"BOCH-KC21-108","64.9900","64.9900"
"BOCH-KC21-120","69.9900","69.9900"
"BOCH-KC21-84","54.9900","54.9900"
"BOCH-KC21-96","59.9900","59.9900"
"BOCH-KC22-108","64.9900","64.9900"
"BOCH-KC22-120","69.9900","69.9900"
"BOCH-KC22-84","54.9900","54.9900"
"BOCH-KC22-96","59.9900","59.9900"
"BOCH-KC23-108","64.9900","64.9900"
"BOCH-KC23-120","69.9900","69.9900"
"BOCH-KC23-84","54.9900","54.9900"
"BOCH-KC23-96","59.9900","59.9900"
"BOCH-KC24-108","64.9900","64.9900"
"BOCH-KC24-120","69.9900","69.9900"
"BOCH-KC24-84","54.9900","54.9900"
"BOCH-KC24-96","59.9900","59.9900"
"BOCH-KC25-108","64.9900","64.9900"
"BOCH-KC25-120","69.9900","69.9900"
"BOCH-KC25-84","54.9900","54.9900"
"BOCH-KC25-96","59.9900","59.9900"
"BOCH-KC26-108","64.9900","64.9900"
"BOCH-KC26-120","69.9900","69.9900"
"BOCH-KC26-84","54.9900","54.9900"
"BOCH-KC26-96","59.9900","59.9900"
"BOCH-KC27-108","64.9900","64.9900"
"BOCH-KC27-120","69.9900","69.9900"
"BOCH-KC27-84","54.9900","54.9900"
"BOCH-KC27-96","59.9900","59.9900"
"BOCH-KC28-108","64.9900","64.9900"
"BOCH-KC28-120","69.9900","69.9900"
"BOCH-KC28-84","54.9900","54.9900"
"BOCH-KC28-96","59.9900","59.9900"
"BOCH-KC29-108","64.9900","64.9900"
"BOCH-KC29-120","69.9900","69.9900"
"BOCH-KC29-84","54.9900","54.9900"
"BOCH-KC29-96","59.9900","59.9900"
"BOCH-KC30-108","64.9900","64.9900"
"BOCH-KC30-120","69.9900","69.9900"
"BOCH-KC30-84","54.9900","54.9900"
"BOCH-KC30-96","59.9900","59.9900"
"BOCH-KC31-108","64.9900","64.9900"
"BOCH-KC31-120","69.9900","69.9900"
"BOCH-KC31-84","54.9900","54.9900"
"BOCH-KC31-96","59.9900","59.9900"
"BOCH-KC32-108","64.9900","64.9900"
"BOCH-KC32-120","69.9900","69.9900"
"BOCH-KC32-84","54.9900","54.9900"
"BOCH-KC32-96","59.9900","59.9900"
"BOCH-KC33-108","59.9900","59.9900"
"BOCH-KC33-120","64.9900","64.9900"
"BOCH-KC33-84","49.9900","49.9900"
"BOCH-KC33-96","54.9900","54.9900"
"BOCH-KC34C-108","59.9900","59.9900"
"BOCH-KC34C-120","64.9900","64.9900"
"BOCH-KC34C-84","49.9900","49.9900"
"BOCH-KC34C-96","54.9900","54.9900"
"BOCH-KC35-108","64.9900","64.9900"
"BOCH-KC35-120","69.9900","69.9900"
"BOCH-KC35-84","54.9900","54.9900"
"BOCH-KC35-96","59.9900","59.9900"
"BOCH-KC36-108","64.9900","64.9900"
"BOCH-KC36-120","69.9900","69.9900"
"BOCH-KC36-84","54.9900","54.9900"
"BOCH-KC36-96","59.9900","59.9900"
"BOCH-KC5-108","59.9900","59.9900"
"BOCH-KC5-120","64.9900","64.9900"
"BOCH-KC5-84","49.9900","49.9900"
"BOCH-KC5-96","54.9900","54.9900"
"BOCH-KC6-108","59.9900","59.9900"
"BOCH-KC6-108","54.9900","54.9900"
"BOCH-KC6-120","44.9900","44.9900"
"BOCH-KC6-120","64.9900","64.9900"
"BOCH-KC6-84","49.9900","49.9900"
"BOCH-KC6-84","44.9900","44.9900"
"BOCH-KC6-96","49.9900","49.9900"
"BOCH-KC6-96","54.9900","54.9900"
"BOCH-KC8-108","59.9900","59.9900"
"BOCH-KC8-120","64.9900","64.9900"
"BOCH-KC8-84","49.9900","49.9900"
"BOCH-KC8-96","54.9900","54.9900"
"BOCH-KC91B-108","59.9900","59.9900"
"BOCH-KC91B-120","64.9900","64.9900"
"BOCH-KC91B-84","49.9900","49.9900"
"BOCH-KC91B-96","54.9900","54.9900"
"BOCH-PL1601-108","69.0000","69.0000"
"BOCH-PL1601-120","74.0000","74.0000"
"BOCH-PL1601-84","59.0000","59.0000"
"BOCH-PL1601-96","64.0000","64.0000"
"BOCH-PL1602-108","69.0000","69.0000"
"BOCH-PL1602-120","74.0000","74.0000"
"BOCH-PL1602-84","59.0000","59.0000"
"BOCH-PL1602-96","64.0000","64.0000"
"BOCH-PL1604-108","69.0000","69.0000"
"BOCH-PL1604-120","74.0000","74.0000"
"BOCH-PL1604-84","59.0000","59.0000"
"BOCH-PL1604-96","64.0000","64.0000"
"BOCH-PL1605-108","69.0000","69.0000"
"BOCH-PL1605-120","74.0000","74.0000"
"BOCH-PL1605-84","59.0000","59.0000"
"BOCH-PL1605-96","64.0000","64.0000"
"BOCH-PL1606-108","69.0000","69.0000"
"BOCH-PL1606-120","74.0000","74.0000"
"BOCH-PL1606-84","59.0000","59.0000"
"BOCH-PL1606-96","64.0000","64.0000"
"BOCH-PL1607-108","69.0000","69.0000"
"BOCH-PL1607-120","74.0000","74.0000"
"BOCH-PL1607-84","59.0000","59.0000"
"BOCH-PL1607-96","64.0000","64.0000"
"BOCH-PL1608-108","69.0000","69.0000"
"BOCH-PL1608-120","74.0000","74.0000"
"BOCH-PL1608-84","59.0000","59.0000"
"BOCH-PL1608-96","64.0000","64.0000"
"BOCH-PL1609-108","69.0000","69.0000"
"BOCH-PL1609-120","74.0000","74.0000"
"BOCH-PL1609-84","59.0000","59.0000"
"BOCH-PL1609-96","64.0000","64.0000"
"BOCH-PL1610-108","69.0000","69.0000"
"BOCH-PL1610-120","74.0000","74.0000"
"BOCH-PL1610-84","59.0000","59.0000"
"BOCH-PL1610-96","64.0000","64.0000"
"BOCH-PL4201-108","69.0000","69.0000"
"BOCH-PL4201-120","74.0000","74.0000"
"BOCH-PL4201-84","59.0000","59.0000"
"BOCH-PL4201-96","64.0000","64.0000"
"CC-CD14-FB","18.0000","18.0000"
"CC-CD17-108","109.0000","109.0000"
"CC-CD17-120","119.0000","119.0000"
"CC-CD17-84","89.0000","89.0000"
"CC-CD17-96","99.0000","99.0000"
"CC-CD17-FB","18.0000","18.0000"
"CC-CD22-108","109.0000","109.0000"
"CC-CD22-120","119.0000","119.0000"
"CC-CD22-84","89.0000","89.0000"
"CC-CD22-96","99.0000","99.0000"
"CC-CD22-FB","18.0000","18.0000"
"CC-CD29-108","109.0000","109.0000"
"CC-CD29-120","119.0000","119.0000"
"CC-CD29-84","89.0000","89.0000"
"CC-CD29-96","99.0000","99.0000"
"CC-CD29-FB","18.0000","18.0000"
"CC-CD34-FB","18.0000","18.0000"
"CC-CD35-108","109.0000","109.0000"
"CC-CD35-120","119.0000","119.0000"
"CC-CD35-84","89.0000","89.0000"
"CC-CD35-96","99.0000","99.0000"
"CC-CD35-FB","18.0000","18.0000"
"CC-CD36-FB","18.0000","18.0000"
"CC-CD37-FB","18.0000","18.0000"
"CC-CD38-108","109.0000","109.0000"
"CC-CD38-120","119.0000","119.0000"
"CC-CD38-84","89.0000","89.0000"
"CC-CD38-96","99.0000","99.0000"
"CC-CD38-FB","18.0000","18.0000"
"CC-CD42-FB","18.0000","18.0000"
"CC-CD43-FB","18.0000","18.0000"
"CC-CD44-FB","18.0000","18.0000"
"CC-MA1-FB","18.0000","18.0000"
"CC-MA2-FB","18.0000","18.0000"
"CC-MA3-108","109.0000","109.0000"
"CC-MA3-120","119.0000","119.0000"
"CC-MA3-84","89.0000","89.0000"
"CC-MA3-96","99.0000","99.0000"
"CC-MA3-FB","18.0000","18.0000"
"CC-MA4-FB","18.0000","18.0000"
"CC-MA5-108","109.0000","109.0000"
"CC-MA5-120","119.0000","119.0000"
"CC-MA5-84","89.0000","89.0000"
"CC-MA5-96","99.0000","99.0000"
"CC-MA5-FB","18.0000","18.0000"
"CC-MA6-108","109.0000","109.0000"
"CC-MA6-120","119.0000","119.0000"
"CC-MA6-84","89.0000","89.0000"
"CC-MA6-96","99.0000","99.0000"
"CC-MA6-FB","18.0000","18.0000"
"CC-MA7-FB","18.0000","18.0000"
"CC-MA71-FB","18.0000","18.0000"
"CC-MA8-FB","18.0000","18.0000"
"CC-MABB26-108","109.0000","109.0000"
"CC-MABB26-120","119.0000","119.0000"
"CC-MABB26-84","89.0000","89.0000"
"CC-MABB26-96","99.0000","99.0000"
"CC-MABB26-FB","18.0000","18.0000"
"CC-MABB32-FB","18.0000","18.0000"
"CC-MAMGBB02-FB","18.0000","18.0000"
"CC-MASB78-FB","18.0000","18.0000"
"CC-MASB81-FB","18.0000","18.0000"
"CC-ROM-CAS","0.0000","0.0000"
"CC-ROM-FSL","0.0000","0.0000"
"CC-ROM-RLX","0.0000","0.0000"
"CC-ROM-SFL","0.0000","0.0000"
"CC-SB73-FB","18.0000","18.0000"
"CC-TEALBB29-108","109.0000","109.0000"
"CC-TEALBB29-120","119.0000","119.0000"
"CC-TEALBB29-84","89.0000","89.0000"
"CC-TEALBB29-96","99.0000","99.0000"
"CC-TEALBB29-FB","18.0000","18.0000"
"CRC-MYTH04-108","184.0000","184.0000"
"CRC-MYTH04-120","194.0000","194.0000"
"CRC-MYTH04-84","159.0000","159.0000"
"CRC-MYTH04-96","174.0000","174.0000"
"CRC-MYTH14-108","164.0000","164.0000"
"CRC-MYTH14-120","174.0000","174.0000"
"CRC-MYTH14-84","139.0000","139.0000"
"CRC-MYTH14-96","154.0000","154.0000"
"CRC-MYTH72-108","184.0000","184.0000"
"CRC-MYTH72-120","194.0000","194.0000"
"CRC-MYTH72-84","159.0000","159.0000"
"CRC-MYTH72-96","174.0000","174.0000"
"CRC-MYTH73-108","184.0000","184.0000"
"CRC-MYTH73-120","194.0000","194.0000"
"CRC-MYTH73-84","159.0000","159.0000"
"CRC-MYTH73-96","174.0000","174.0000"
"CRC-MYTH79-108","164.0000","164.0000"
"CRC-MYTH79-120","174.0000","174.0000"
"CRC-MYTH79-84","139.0000","139.0000"
"CRC-MYTH79-96","154.0000","154.0000"
"CRC-MYTH809-108","164.0000","164.0000"
"CRC-MYTH809-120","174.0000","174.0000"
"CRC-MYTH809-84","139.0000","139.0000"
"CRC-MYTH809-96","154.0000","154.0000"
"CZCH-CTZ1-108","59.0000","59.0000"
"CZCH-CTZ1-120","69.0000","69.0000"
"CZCH-CTZ1-84","39.0000","39.0000"
"CZCH-CTZ1-96","49.0000","49.0000"
"CZCH-CTZ12-108","59.0000","59.0000"
"CZCH-CTZ12-120","69.0000","69.0000"
"CZCH-CTZ12-84","39.0000","39.0000"
"CZCH-CTZ12-96","49.0000","49.0000"
"CZCH-CTZ2-108","59.0000","59.0000"
"CZCH-CTZ2-120","69.0000","69.0000"
"CZCH-CTZ2-84","39.0000","39.0000"
"CZCH-CTZ2-96","49.0000","49.0000"
"CZCH-CTZ5-108","59.0000","59.0000"
"CZCH-CTZ5-120","69.0000","69.0000"
"CZCH-CTZ5-84","39.0000","39.0000"
"CZCH-CTZ5-96","49.0000","49.0000"
"CZCH-CTZ6-108","59.0000","59.0000"
"CZCH-CTZ6-120","69.0000","69.0000"
"CZCH-CTZ6-84","39.0000","39.0000"
"CZCH-CTZ6-96","49.0000","49.0000"
"CZCH-CTZ9-108","59.0000","59.0000"
"CZCH-CTZ9-120","69.0000","69.0000"
"CZCH-CTZ9-84","39.0000","39.0000"
"CZCH-CTZ9-96","49.0000","49.0000"
"DIS-ID1-108","189.0000","189.0000"
"DIS-ID1-120","204.0000","204.0000"
"DIS-ID1-84","169.0000","169.0000"
"DIS-ID1-96","179.0000","179.0000"
"DIS-ID1-FB","40.0000","40.0000"
"DIS-ID112-108","189.0000","189.0000"
"DIS-ID112-120","204.0000","204.0000"
"DIS-ID112-84","169.0000","169.0000"
"DIS-ID112-96","179.0000","179.0000"
"DIS-ID112-FB","40.0000","40.0000"
"DIS-ID124-108","189.0000","189.0000"
"DIS-ID124-120","204.0000","204.0000"
"DIS-ID124-84","89.0000","169.0000"
"DIS-ID124-96","179.0000","179.0000"
"DIS-ID124-FB","40.0000","40.0000"
"DIS-ID15-108","189.0000","189.0000"
"DIS-ID15-120","204.0000","204.0000"
"DIS-ID15-84","169.0000","169.0000"
"DIS-ID15-96","179.0000","179.0000"
"DIS-ID15-FB","40.0000","40.0000"
"DIS-ID20-108","189.0000","189.0000"
"DIS-ID20-120","204.0000","204.0000"
"DIS-ID20-84","169.0000","169.0000"
"DIS-ID20-96","179.0000","179.0000"
"DIS-ID20-FB","40.0000","40.0000"
"DIS-ID221-108","189.0000","189.0000"
"DIS-ID221-120","204.0000","204.0000"
"DIS-ID221-84","169.0000","169.0000"
"DIS-ID221-96","179.0000","179.0000"
"DIS-ID221-FB","40.0000","40.0000"
"DIS-ID224-108","189.0000","189.0000"
"DIS-ID224-120","204.0000","204.0000"
"DIS-ID224-84","169.0000","169.0000"
"DIS-ID224-96","179.0000","179.0000"
"DIS-ID224-FB","40.0000","40.0000"
"DIS-ID37-108","189.0000","189.0000"
"DIS-ID37-120","204.0000","204.0000"
"DIS-ID37-84","169.0000","169.0000"
"DIS-ID37-96","179.0000","179.0000"
"DIS-ID37-FB","40.0000","40.0000"
"DIS-ID50-108","189.0000","189.0000"
"DIS-ID50-120","204.0000","204.0000"
"DIS-ID50-84","169.0000","169.0000"
"DIS-ID50-96","179.0000","179.0000"
"DIS-ID50-FB","40.0000","40.0000"
"DIS-ID511-108","189.0000","189.0000"
"DIS-ID511-120","204.0000","204.0000"
"DIS-ID511-84","169.0000","169.0000"
"DIS-ID511-96","179.0000","179.0000"
"DIS-ID511-FB","40.0000","40.0000"
"DIS-ID68-108","189.0000","189.0000"
"DIS-ID68-120","204.0000","204.0000"
"DIS-ID68-84","169.0000","169.0000"
"DIS-ID68-96","179.0000","179.0000"
"DIS-ID68-FB","40.0000","40.0000"
"DIS-ID7727-108","189.0000","189.0000"
"DIS-ID7727-120","204.0000","204.0000"
"DIS-ID7727-84","169.0000","169.0000"
"DIS-ID7727-96","179.0000","179.0000"
"DIS-ID7727-FB","40.0000","40.0000"
"DIS-ID7806-108","189.0000","189.0000"
"DIS-ID7806-120","204.0000","204.0000"
"DIS-ID7806-84","169.0000","169.0000"
"DIS-ID7806-96","179.0000","179.0000"
"DIS-ID7806-FB","40.0000","40.0000"
"DIS-ID7906-108","189.0000","189.0000"
"DIS-ID7906-120","204.0000","204.0000"
"DIS-ID7906-84","169.0000","169.0000"
"DIS-ID7906-96","179.0000","179.0000"
"DIS-ID7906-FB","40.0000","40.0000"
"DIS-ID9-108","189.0000","189.0000"
"DIS-ID9-120","204.0000","204.0000"
"DIS-ID9-84","169.0000","169.0000"
"DIS-ID9-96","179.0000","179.0000"
"DIS-ID9-FB","40.0000","40.0000"
"DS-ASST100-108","259.0000","259.0000"
"DS-ASST100-120","269.0000","269.0000"
"DS-ASST100-84","229.0000","229.0000"
"DS-ASST100-96","249.0000","249.0000"
"DS-ASST100-FB","60.0000","60.0000"
"DS-CHX14-108","259.0000","259.0000"
"DS-CHX14-120","269.0000","269.0000"
"DS-CHX14-84","229.0000","229.0000"
"DS-CHX14-96","249.0000","249.0000"
"DS-CHX14-FB","60.0000","60.0000"
"DS-CHX4-108","259.0000","259.0000"
"DS-CHX4-120","269.0000","269.0000"
"DS-CHX4-84","229.0000","229.0000"
"DS-CHX4-96","249.0000","249.0000"
"DS-CHX4-FB","60.0000","60.0000"
"DS-D12012-108","259.0000","259.0000"
"DS-D12012-120","269.0000","269.0000"
"DS-D12012-84","229.0000","229.0000"
"DS-D12012-96","249.0000","249.0000"
"DS-D12012-FB","60.0000","60.0000"
"DS-D22012-108","259.0000","213.0000"
"DS-D22012-120","269.0000","269.0000"
"DS-D22012-84","229.0000","215.0000"
"DS-D22012-96","249.0000","249.0000"
"DS-D22012-FB","60.0000","60.0000"
"DS-D32012-108","279.0000","279.0000"
"DS-D32012-120","289.0000","289.0000"
"DS-D32012-84","249.0000","249.0000"
"DS-D32012-96","269.0000","269.0000"
"DS-D32012-FB","60.0000","60.0000"
"DS-D42012-108","259.0000","259.0000"
"DS-D42012-120","269.0000","269.0000"
"DS-D42012-84","229.0000","229.0000"
"DS-D42012-96","249.0000","249.0000"
"DS-D42012-FB","60.0000","60.0000"
"DS-DST2-108","259.0000","259.0000"
"DS-DST2-120","269.0000","269.0000"
"DS-DST2-84","229.0000","229.0000"
"DS-DST2-96","249.0000","249.0000"
"DS-DST2-FB","60.0000","60.0000"
"DS-DST4-108","259.0000","259.0000"
"DS-DST4-120","269.0000","269.0000"
"DS-DST4-84","229.0000","229.0000"
"DS-DST4-96","249.0000","249.0000"
"DS-DST4-FB","60.0000","60.0000"
"DS-DUPST1-108","259.0000","259.0000"
"DS-DUPST1-120","269.0000","269.0000"
"DS-DUPST1-84","229.0000","229.0000"
"DS-DUPST1-96","249.0000","219.0000"
"DS-DUPST1-FB","60.0000","60.0000"
"DS-DXB20-108","279.0000","279.0000"
"DS-DXB20-120","289.0000","289.0000"
"DS-DXB20-84","249.0000","249.0000"
"DS-DXB20-96","269.0000","269.0000"
"DS-DXB20-FB","60.0000","60.0000"
"DS-DXB66-108","279.0000","279.0000"
"DS-DXB66-120","289.0000","289.0000"
"DS-DXB66-84","249.0000","249.0000"
"DS-DXB66-96","269.0000","269.0000"
"DS-DXB66-FB","60.0000","60.0000"
"DS-DXB69-108","269.0000","269.0000"
"DS-DXB69-120","279.0000","279.0000"
"DS-DXB69-84","239.0000","239.0000"
"DS-DXB69-96","259.0000","259.0000"
"DS-DXB69-FB","60.0000","60.0000"
"DS-EFCH10A-108","259.0000","259.0000"
"DS-EFCH10A-120","269.0000","269.0000"
"DS-EFCH10A-84","229.0000","229.0000"
"DS-EFCH10A-96","249.0000","249.0000"
"DS-EFCH10A-FB","60.0000","60.0000"
"DS-EFCH14-108","259.0000","259.0000"
"DS-EFCH14-120","269.0000","269.0000"
"DS-EFCH14-84","229.0000","229.0000"
"DS-EFCH14-96","249.0000","249.0000"
"DS-EFCH14-FB","60.0000","60.0000"
"DS-EFCH38-108","259.0000","259.0000"
"DS-EFCH38-120","269.0000","269.0000"
"DS-EFCH38-84","229.0000","229.0000"
"DS-EFCH38-96","249.0000","249.0000"
"DS-EFCH38-FB","60.0000","60.0000"
"DS-EMBS20131-108","269.0000","269.0000"
"DS-EMBS20131-120","279.0000","279.0000"
"DS-EMBS20131-84","239.0000","239.0000"
"DS-EMBS20131-96","259.0000","259.0000"
"DS-EMBS201310-108","309.0000","309.0000"
"DS-EMBS201310-120","319.0000","319.0000"
"DS-EMBS201310-84","279.0000","279.0000"
"DS-EMBS201310-96","299.0000","299.0000"
"DS-EMBS201311-108","309.0000","309.0000"
"DS-EMBS201311-120","319.0000","319.0000"
"DS-EMBS201311-84","279.0000","279.0000"
"DS-EMBS201311-96","299.0000","299.0000"
"DS-EMBS201312-108","329.0000","329.0000"
"DS-EMBS201312-120","339.0000","339.0000"
"DS-EMBS201312-84","299.0000","299.0000"
"DS-EMBS201312-96","319.0000","319.0000"
"DS-EMBS201313-108","319.0000","319.0000"
"DS-EMBS201313-120","329.0000","329.0000"
"DS-EMBS201313-84","289.0000","289.0000"
"DS-EMBS201313-96","309.0000","309.0000"
"DS-EMBS201314-108","319.0000","319.0000"
"DS-EMBS201314-120","329.0000","329.0000"
"DS-EMBS201314-84","289.0000","289.0000"
"DS-EMBS201314-96","309.0000","309.0000"
"DS-EMBS201315-108","319.0000","319.0000"
"DS-EMBS201315-120","329.0000","329.0000"
"DS-EMBS201315-84","289.0000","289.0000"
"DS-EMBS201315-96","309.0000","309.0000"
"DS-EMBS201316-108","369.0000","369.0000"
"DS-EMBS201316-120","379.0000","379.0000"
"DS-EMBS201316-84","339.0000","339.0000"
"DS-EMBS201316-96","359.0000","359.0000"
"DS-EMBS201317-108","319.0000","319.0000"
"DS-EMBS201317-120","329.0000","329.0000"
"DS-EMBS201317-84","289.0000","289.0000"
"DS-EMBS201317-96","309.0000","309.0000"
"DS-EMBS201318-108","319.0000","319.0000"
"DS-EMBS201318-120","329.0000","329.0000"
"DS-EMBS201318-84","289.0000","289.0000"
"DS-EMBS201318-96","309.0000","309.0000"
"DS-EMBS201319-108","329.0000","329.0000"
"DS-EMBS201319-120","339.0000","339.0000"
"DS-EMBS201319-84","299.0000","299.0000"
"DS-EMBS201319-96","319.0000","319.0000"
"DS-EMBS20132-108","289.0000","289.0000"
"DS-EMBS20132-120","299.0000","299.0000"
"DS-EMBS20132-84","259.0000","259.0000"
"DS-EMBS20132-96","279.0000","279.0000"
"DS-EMBS201320-108","319.0000","319.0000"
"DS-EMBS201320-120","329.0000","329.0000"
"DS-EMBS201320-84","289.0000","289.0000"
"DS-EMBS201320-96","309.0000","309.0000"
"DS-EMBS201321-108","319.0000","319.0000"
"DS-EMBS201321-120","329.0000","329.0000"
"DS-EMBS201321-84","289.0000","289.0000"
"DS-EMBS201321-96","309.0000","309.0000"
"DS-EMBS201322-108","319.0000","319.0000"
"DS-EMBS201322-120","329.0000","329.0000"
"DS-EMBS201322-84","289.0000","289.0000"
"DS-EMBS201322-96","309.0000","309.0000"
"DS-EMBS201323-108","319.0000","319.0000"
"DS-EMBS201323-120","329.0000","329.0000"
"DS-EMBS201323-84","289.0000","289.0000"
"DS-EMBS201323-96","309.0000","309.0000"
"DS-EMBS201324-108","319.0000","319.0000"
"DS-EMBS201324-96","309.0000","309.0000"
"DS-EMBS20133-108","289.0000","289.0000"
"DS-EMBS20133-120","299.0000","299.0000"
"DS-EMBS20133-84","259.0000","259.0000"
"DS-EMBS20133-96","279.0000","279.0000"
"DS-EMBS20134-108","285.0000","285.0000"
"DS-EMBS20134-120","295.0000","295.0000"
"DS-EMBS20134-84","255.0000","255.0000"
"DS-EMBS20134-96","275.0000","275.0000"
"DS-EMBS20135-108","305.0000","305.0000"
"DS-EMBS20135-120","315.0000","315.0000"
"DS-EMBS20135-84","275.0000","275.0000"
"DS-EMBS20135-96","295.0000","295.0000"
"DS-EMBS20136-108","305.0000","305.0000"
"DS-EMBS20136-120","315.0000","315.0000"
"DS-EMBS20136-84","275.0000","275.0000"
"DS-EMBS20136-96","295.0000","295.0000"
"DS-EMBS20137-108","309.0000","309.0000"
"DS-EMBS20137-120","319.0000","319.0000"
"DS-EMBS20137-84","279.0000","279.0000"
"DS-EMBS20137-96","299.0000","299.0000"
"DS-EMBS20138-108","309.0000","309.0000"
"DS-EMBS20138-120","319.0000","319.0000"
"DS-EMBS20138-84","279.0000","279.0000"
"DS-EMBS20138-96","299.0000","299.0000"
"DS-MDSTK2-108","279.0000","279.0000"
"DS-MDSTK2-120","289.0000","289.0000"
"DS-MDSTK2-84","249.0000","249.0000"
"DS-MDSTK2-96","269.0000","269.0000"
"DS-MDSTK2-FB","60.0000","60.0000"
"DS-MDSTK5-108","259.0000","259.0000"
"DS-MDSTK5-120","269.0000","269.0000"
"DS-MDSTK5-84","229.0000","229.0000"
"DS-MDSTK5-96","249.0000","249.0000"
"DS-MDSTK5-FB","60.0000","60.0000"
"DS-MSTK1-108","199.0000","199.0000"
"DS-MSTK1-120","209.0000","209.0000"
"DS-MSTK1-84","179.0000","179.0000"
"DS-MSTK1-96","189.0000","189.0000"
"DS-MSTK1-FB","45.0000","45.0000"
"DS-MSTK4-108","279.0000","279.0000"
"DS-MSTK4-120","289.0000","289.0000"
"DS-MSTK4-84","249.0000","249.0000"
"DS-MSTK4-96","269.0000","269.0000"
"DS-MSTK4-FB","60.0000","60.0000"
"DS-MSTK5-108","279.0000","279.0000"
"DS-MSTK5-120","289.0000","289.0000"
"DS-MSTK5-84","249.0000","249.0000"
"DS-MSTK5-96","269.0000","269.0000"
"DS-MSTK5-FB","60.0000","60.0000"
"DS-PS001-108","229.0000","229.0000"
"DS-PS001-84","199.0000","199.0000"
"DS-PS001-96","219.0000","219.0000"
"DS-PS001-FB","60.0000","60.0000"
"DS-PS002-108","229.0000","229.0000"
"DS-PS002-120","239.0000","239.0000"
"DS-PS002-84","199.0000","199.0000"
"DS-PS002-96","219.0000","219.0000"
"DS-PS002-FB","60.0000","60.0000"
"DS-PS003-108","229.0000","229.0000"
"DS-PS003-120","239.0000","239.0000"
"DS-PS003-84","199.0000","199.0000"
"DS-PS003-96","219.0000","219.0000"
"DS-PS003-FB","60.0000","60.0000"
"DS-ROM-CAS","0.0000","0.0000"
"DS-ROM-FSL","0.0000","0.0000"
"DS-ROM-RLX","0.0000","0.0000"
"DS-ROM-SFL","0.0000","0.0000"
"DS-SDG6-108","279.0000","279.0000"
"DS-SDG6-120","289.0000","289.0000"
"DS-SDG6-84","249.0000","249.0000"
"DS-SDG6-96","269.0000","269.0000"
"DS-SDG6-FB","60.0000","60.0000"
"DS-SLK02-108","279.0000","279.0000"
"DS-SLK02-120","289.0000","289.0000"
"DS-SLK02-84","249.0000","249.0000"
"DS-SLK02-96","269.0000","269.0000"
"DS-SLK02-FB","60.0000","60.0000"
"DS-SLK136-108","279.0000","279.0000"
"DS-SLK136-120","289.0000","289.0000"
"DS-SLK136-84","249.0000","249.0000"
"DS-SLK136-96","269.0000","269.0000"
"DS-SLK136-FB","60.0000","60.0000"
"DS-SLK196-108","279.0000","279.0000"
"DS-SLK196-120","289.0000","289.0000"
"DS-SLK196-84","249.0000","249.0000"
"DS-SLK196-96","269.0000","269.0000"
"DS-SLK196-FB","60.0000","60.0000"
"DS-SLK33-108","259.0000","259.0000"
"DS-SLK33-120","269.0000","269.0000"
"DS-SLK33-84","229.0000","229.0000"
"DS-SLK33-96","249.0000","249.0000"
"DS-SLK33-FB","60.0000","60.0000"
"DS-SLK50-FB","60.0000","60.0000"
"DS-SLK83-108","279.0000","279.0000"
"DS-SLK83-120","289.0000","289.0000"
"DS-SLK83-84","249.0000","249.0000"
"DS-SLK83-96","269.0000","269.0000"
"DS-SLK83-FB","60.0000","60.0000"
"DS-SSL28-108","279.0000","279.0000"
"DS-SSL28-120","289.0000","289.0000"
"DS-SSL28-84","249.0000","249.0000"
"DS-SSL28-96","269.0000","269.0000"
"DS-SSL28-FB","60.0000","60.0000"
"DS-TF514-108","279.0000","279.0000"
"DS-TF514-120","289.0000","289.0000"
"DS-TF514-84","249.0000","249.0000"
"DS-TF514-96","269.0000","269.0000"
"DS-TF514-FB","60.0000","60.0000"
"DS-TF708-108","279.0000","279.0000"
"DS-TF708-120","289.0000","289.0000"
"DS-TF708-84","229.0000","229.0000"
"DS-TF708-96","269.0000","269.0000"
"DS-TF708-FB","60.0000","60.0000"
"DS-TF926-108","269.0000","269.0000"
"DS-TF926-120","279.0000","279.0000"
"DS-TF926-84","239.0000","239.0000"
"DS-TF926-96","259.0000","259.0000"
"DS-TF926-FB","60.0000","60.0000"
"DS-TF940-108","279.0000","279.0000"
"DS-TF940-120","289.0000","289.0000"
"DS-TF940-84","249.0000","249.0000"
"DS-TF940-96","269.0000","269.0000"
"DS-TF940-FB","60.0000","60.0000"
"DS-TF944-108","279.0000","279.0000"
"DS-TF944-120","289.0000","289.0000"
"DS-TF944-84","249.0000","249.0000"
"DS-TF944-96","269.0000","269.0000"
"DS-TF944-FB","60.0000","60.0000"
"DS-TF959-108","259.0000","259.0000"
"DS-TF959-120","269.0000","269.0000"
"DS-TF959-84","229.0000","229.0000"
"DS-TF959-96","249.0000","249.0000"
"DS-TF959-FB","60.0000","60.0000"
"DS-TFSN25-108","269.0000","269.0000"
"DS-TFSN25-120","279.0000","279.0000"
"DS-TFSN25-84","239.0000","239.0000"
"DS-TFSN25-96","259.0000","259.0000"
"DS-TFSN25-FB","60.0000","60.0000"
"DS-TFSN30-108","279.0000","279.0000"
"DS-TFSN30-120","289.0000","289.0000"
"DS-TFSN30-84","249.0000","249.0000"
"DS-TFSN30-96","269.0000","269.0000"
"DS-TFSN30-FB","60.0000","60.0000"
"DS-TFSN33-108","279.0000","279.0000"
"DS-TFSN33-120","289.0000","289.0000"
"DS-TFSN33-84","249.0000","249.0000"
"DS-TFSN33-96","269.0000","269.0000"
"DS-TFSN33-FB","60.0000","60.0000"
"DS-TLT17-108","279.0000","279.0000"
"DS-TLT17-120","289.0000","289.0000"
"DS-TLT17-84","249.0000","249.0000"
"DS-TLT17-96","269.0000","269.0000"
"DS-TLT17-FB","60.0000","60.0000"
"DS-TS001-108","259.0000","259.0000"
"DS-TS001-120","269.0000","269.0000"
"DS-TS001-84","229.0000","229.0000"
"DS-TS001-96","249.0000","249.0000"
"DS-TS001-FB","60.0000","60.0000"
"DS-TS002-108","259.0000","259.0000"
"DS-TS002-120","269.0000","269.0000"
"DS-TS002-84","229.0000","229.0000"
"DS-TS002-96","249.0000","249.0000"
"DS-TS002-FB","60.0000","60.0000"
"EFSCH-20134A-108","109.0000","109.0000"
"EFSCH-20134A-120","119.0000","119.0000"
"EFSCH-20134A-84","89.0000","89.0000"
"EFSCH-20134A-96","99.0000","99.0000"
"EFSCH-20134B-108","109.0000","109.0000"
"EFSCH-20134B-120","119.0000","119.0000"
"EFSCH-20134B-84","89.0000","89.0000"
"EFSCH-20134B-96","99.0000","99.0000"
"EFSCH-20134C-108","109.0000","109.0000"
"EFSCH-20134C-120","119.0000","119.0000"
"EFSCH-20134C-84","89.0000","89.0000"
"EFSCH-20134C-96","99.0000","99.0000"
"EFSCH-20134D1-108","129.0000","129.0000"
"EFSCH-20134D1-120","139.0000","139.0000"
"EFSCH-20134D1-84","109.0000","109.0000"
"EFSCH-20134D1-96","119.0000","119.0000"
"EFSCH-20134D2-108","129.0000","129.0000"
"EFSCH-20134D2-120","139.0000","139.0000"
"EFSCH-20134D2-84","109.0000","109.0000"
"EFSCH-20134D2-96","119.0000","119.0000"
"EFSCH-20134E1-120","139.0000","139.0000"
"EFSCH-20134E1-84","109.0000","109.0000"
"EFSCH-20134E1-96","119.0000","119.0000"
"EFSCH-20134E2-108","129.0000","129.0000"
"EFSCH-20134E2-120","139.0000","139.0000"
"EFSCH-20134E2-84","109.0000","109.0000"
"EFSCH-20134E2-96","119.0000","119.0000"
"EFSCH-20134F1-108","129.0000","129.0000"
"EFSCH-20134F1-120","139.0000","139.0000"
"EFSCH-20134F1-84","109.0000","109.0000"
"EFSCH-20134F1-96","119.0000","119.0000"
"EFSCH-20134G1-108","129.0000","129.0000"
"EFSCH-20134G1-120","139.0000","139.0000"
"EFSCH-20134G1-84","89.0000","89.0000"
"EFSCH-20134G1-96","119.0000","119.0000"
"EFSCH-20136A-108","139.0000","139.0000"
"EFSCH-20136A-120","149.0000","149.0000"
"EFSCH-20136A-84","119.0000","119.0000"
"EFSCH-20136A-96","129.0000","129.0000"
"EFSCH-20136B-108","139.0000","139.0000"
"EFSCH-20136B-120","149.0000","149.0000"
"EFSCH-20136B-84","5.0000","2.0000"
"EFSCH-20136B-96","5.0000","2.0000"
"EFSCH-AL450C1-108","119.0000","119.0000"
"EFSCH-AL450C1-120","129.0000","129.0000"
"EFSCH-AL450C1-84","0.0000","0.0000"
"EFSCH-AL450C1-96","109.0000","109.0000"
"EFSCH-AL450C2","189.0000","189.0000"
"EFSCH-AL450C2-108","119.0000","119.0000"
"EFSCH-AL450C2-120","129.0000","129.0000"
"EFSCH-AL450C2-84","79.0000","79.0000"
"EFSCH-AL450C2-96","109.0000","109.0000"
"EFSCH-AL450C3-108","119.0000","119.0000"
"EFSCH-AL450C3-120","129.0000","129.0000"
"EFSCH-AL450C3-84","79.0000","79.0000"
"EFSCH-AL450C3-96","109.0000","109.0000"
"EFSCH-AL450C4-108","119.0000","119.0000"
"EFSCH-AL450C4-120","129.0000","129.0000"
"EFSCH-AL450C4-84","79.0000","79.0000"
"EFSCH-AL450C4-96","109.0000","109.0000"
"EFSCH-PLK850C1-108","139.0000","139.0000"
"EFSCH-PLK850C1-120","149.0000","149.0000"
"EFSCH-PLK850C1-84","129.0000","129.0000"
"EFSCH-PLK850C1-96","129.0000","129.0000"
"EFSCH-PLK850C2-108","139.0000","139.0000"
"EFSCH-PLK850C2-120","149.0000","149.0000"
"EFSCH-PLK850C2-84","129.0000","129.0000"
"EFSCH-PLK850C2-96","129.0000","129.0000"
"EFSCH-PLK850C3-108","139.0000","139.0000"
"EFSCH-PLK850C3-120","149.0000","149.0000"
"EFSCH-PLK850C3-84","129.0000","129.0000"
"EFSCH-PLK850C3-96","129.0000","129.0000"
"EFSCH-PLK850C4-108","139.0000","139.0000"
"EFSCH-PLK850C4-120","149.0000","149.0000"
"EFSCH-PLK850C4-84","119.0000","119.0000"
"EFSCH-PLK850C4-96","129.0000","129.0000"
"EFSCH-PLK850C5-108","139.0000","139.0000"
"EFSCH-PLK850C5-120","149.0000","149.0000"
"EFSCH-PLK850C5-84","119.0000","119.0000"
"EFSCH-PLK850C5-96","129.0000","129.0000"
"FHLCH-314043-108","89.0000","89.0000"
"FHLCH-314043-120","99.0000","99.0000"
"FHLCH-314043-84","69.0000","69.0000"
"FHLCH-314043-96","79.0000","79.0000"
"FHLCH-314044-108","89.0000","89.0000"
"FHLCH-314044-120","99.0000","99.0000"
"FHLCH-314044-84","69.0000","69.0000"
"FHLCH-314044-96","79.0000","79.0000"
"FHLCH-314047-108","89.0000","89.0000"
"FHLCH-314047-120","99.0000","99.0000"
"FHLCH-314047-84","69.0000","69.0000"
"FHLCH-314047-96","79.0000","79.0000"
"FHLCH-314048-108","89.0000","89.0000"
"FHLCH-314048-120","99.0000","99.0000"
"FHLCH-314048-84","69.0000","69.0000"
"FHLCH-314048-96","79.0000","79.0000"
"FHLCH-314052-108","89.0000","89.0000"
"FHLCH-314052-120","99.0000","99.0000"
"FHLCH-314052-84","69.0000","69.0000"
"FHLCH-314052-96","79.0000","79.0000"
"FHLCH-314053-108","89.0000","89.0000"
"FHLCH-314053-120","99.0000","99.0000"
"FHLCH-314053-84","69.0000","69.0000"
"FHLCH-314053-96","79.0000","79.0000"
"FHLCH-314055-108","89.0000","89.0000"
"FHLCH-314055-120","99.0000","99.0000"
"FHLCH-314055-84","69.0000","69.0000"
"FHLCH-314055-96","79.0000","79.0000"
"FHLCH-416016-108","89.0000","89.0000"
"FHLCH-416016-120","99.0000","99.0000"
"FHLCH-416016-84","69.0000","69.0000"
"FHLCH-416016-96","79.0000","79.0000"
"FHLCH-416017-108","89.0000","89.0000"
"FHLCH-416017-120","99.0000","99.0000"
"FHLCH-416017-84","69.0000","69.0000"
"FHLCH-416017-96","79.0000","79.0000"
"FHLCH-416018-108","89.0000","89.0000"
"FHLCH-416018-120","99.0000","99.0000"
"FHLCH-416018-84","69.0000","69.0000"
"FHLCH-416018-96","79.0000","79.0000"
"FHLCH-416019-108","89.0000","89.0000"
"FHLCH-416019-120","99.0000","99.0000"
"FHLCH-416019-84","69.0000","69.0000"
"FHLCH-416019-96","79.0000","79.0000"
"FHLCH-416020-108","89.0000","89.0000"
"FHLCH-416020-120","99.0000","99.0000"
"FHLCH-416020-84","69.0000","69.0000"
"FHLCH-416020-96","79.0000","79.0000"
"FHLCH-YL3008-108","69.0000","69.0000"
"FHLCH-YL3008-120","74.0000","74.0000"
"FHLCH-YL3008-84","59.0000","59.0000"
"FHLCH-YL3008-96","64.0000","64.0000"
"FHLCH-YL3010B-108","69.0000","69.0000"
"FHLCH-YL3010B-120","0.0000","0.0000"
"FHLCH-YL3010B-84","59.0000","59.0000"
"FHLCH-YL3010B-96","64.0000","64.0000"
"FHLCH-YL3012-108","69.0000","69.0000"
"FHLCH-YL3012-120","0.0000","0.0000"
"FHLCH-YL3012-84","59.0000","59.0000"
"FHLCH-YL3012-96","64.0000","64.0000"
"FHLCH-YL3022-108","69.0000","69.0000"
"FHLCH-YL3022-120","0.0000","0.0000"
"FHLCH-YL3022-84","59.0000","59.0000"
"FHLCH-YL3022-96","64.0000","64.0000"
"FHLCH-YL5003-108","69.0000","69.0000"
"FHLCH-YL5003-120","0.0000","0.0000"
"FHLCH-YL5003-84","59.0000","59.0000"
"FHLCH-YL5003-96","64.0000","64.0000"
"FHLCH-YL7176203-108","69.0000","69.0000"
"FHLCH-YL7176203-120","74.0000","74.0000"
"FHLCH-YL7176203-84","59.0000","59.0000"
"FHLCH-YL7176203-96","64.0000","64.0000"
"FHLCH-YL7176209-108","69.0000","69.0000"
"FHLCH-YL7176209-120","74.0000","74.0000"
"FHLCH-YL7176209-84","59.0000","59.0000"
"FHLCH-YL7176209-96","64.0000","64.0000"
"FHLCH-YL7176217-108","69.0000","69.0000"
"FHLCH-YL7176217-120","74.0000","74.0000"
"FHLCH-YL7176217-84","59.0000","59.0000"
"FHLCH-YL7176217-96","64.0000","64.0000"
"FHLCH-YL7178103-108","69.0000","69.0000"
"FHLCH-YL7178103-120","74.0000","74.0000"
"FHLCH-YL7178103-84","59.0000","59.0000"
"FHLCH-YL7178103-96","64.0000","64.0000"
"FHLCH-YL7178109-108","69.0000","69.0000"
"FHLCH-YL7178109-120","74.0000","74.0000"
"FHLCH-YL7178109-84","59.0000","59.0000"
"FHLCH-YL7178109-96","64.0000","64.0000"
"FHLCH-YL7178117-108","69.0000","69.0000"
"FHLCH-YL7178117-120","74.0000","74.0000"
"FHLCH-YL7178117-84","59.0000","59.0000"
"FHLCH-YL7178117-96","64.0000","64.0000"
"HDW-AB-2018-22","21.9900","21.9900"
"HDW-AB-2018-22-WP-4","199.0000","199.0000"
"HDW-AB-2018-22-WP-6","239.0000","239.0000"
"HDW-AB-2018-22-WP-8","279.0000","279.0000"
"HDW-AB-2031-22-WP-4","199.0000","199.0000"
"HDW-AB-2031-22-WP-6","239.0000","239.0000"
"HDW-AB-2031-22-WP-8","279.0000","279.0000"
"HDW-AB-2040-22","21.9900","21.9900"
"HDW-AB-2041-22","14.9900","14.9900"
"HDW-AB-3032-22","0.0000","0.0000"
"HDW-AB-3044-22","19.9900","19.9900"
"HDW-AB-3046-22","22.9900","22.9900"
"HDW-AB-3049-22","88.0000","29.9900"
"HDW-AB-3058-22","29.9900","29.9900"
"HDW-AB-3537-22-WP-4","199.0000","199.0000"
"HDW-AB-3537-22-WP-6","239.0000","239.0000"
"HDW-AB-3537-22-WP-8","279.0000","279.0000"
"HDW-AB-3588-22","19.9900","19.9900"
"HDW-AB-3639-22","14.9900","14.9900"
"HDW-AB-3639-22-WP-4","199.0000","199.0000"
"HDW-AB-3639-22-WP-6","239.0000","239.0000"
"HDW-AB-3639-22-WP-8","279.0000","279.0000"
"HDW-AB-3714-22","19.9900","19.9900"
"HDW-AB-3714-22-WP-4","199.0000","199.0000"
"HDW-AB-3714-22-WP-6","239.0000","239.0000"
"HDW-AB-3714-22-WP-8","279.0000","279.0000"
"HDW-AB-3746-22","19.9900","19.9900"
"HDW-AB-3747-22","19.9900","19.9900"
"HDW-AB-3748-22","14.9900","14.9900"
"HDW-AB-3862-22","7.5000","7.5000"
"HDW-AB-3863-22","19.9900","19.9900"
"HDW-AB-3863-22-WP-4","199.0000","199.0000"
"HDW-AB-3863-22-WP-6","239.0000","239.0000"
"HDW-AB-3863-22-WP-8","279.0000","279.0000"
"HDW-AB-3909-22","19.9900","19.9900"
"HDW-AB-9301-22","14.9900","14.9900"
"HDW-AB-9306-22","39.9900","39.9900"
"HDW-AB-9309-22","59.9900","59.9900"
"HDW-AB-9311-22","14.9900","14.9900"
"HDW-AB-9319-22","68.9900","68.9900"
"HDW-AB-9321-22","109.9900","109.9900"
"HDW-AB-9323-22","28.9900","28.9900"
"HDW-AB-9324-22","14.9900","14.9900"
"HDW-AB-9326-22","19.9900","19.9900"
"HDW-AB-9353-22","16.9900","16.9900"
"HDW-HG-2018-12","21.9900","21.9900"
"HDW-HG-2018-12-WP-4","199.0000","199.0000"
"HDW-HG-2018-12-WP-6","239.0000","239.0000"
"HDW-HG-2018-12-WP-8","279.0000","279.0000"
"HDW-HG-2031-12-WP-4","199.0000","199.0000"
"HDW-HG-2031-12-WP-6","239.0000","239.0000"
"HDW-HG-2031-12-WP-8","279.0000","279.0000"
"HDW-HG-2035-79-WP-4","199.0000","199.0000"
"HDW-HG-2035-79-WP-6","239.0000","239.0000"
"HDW-HG-2035-79-WP-8","279.0000","279.0000"
"HDW-HG-2035-80-WP-4","199.0000","199.0000"
"HDW-HG-2035-80-WP-6","239.0000","239.0000"
"HDW-HG-2035-80-WP-8","279.0000","279.0000"
"HDW-HG-2035-81-WP-4","249.0000","249.0000"
"HDW-HG-2035-81-WP-6","289.0000","289.0000"
"HDW-HG-2035-81-WP-8","349.0000","349.0000"
"HDW-HG-2040-12","21.9900","21.9900"
"HDW-HG-2041-12","14.9900","14.9900"
"HDW-HG-2042-79-WP-4","199.0000","199.0000"
"HDW-HG-2042-79-WP-6","239.0000","239.0000"
"HDW-HG-2042-79-WP-8","279.0000","279.0000"
"HDW-HG-2042-80-WP-4","199.0000","199.0000"
"HDW-HG-2042-80-WP-6","239.0000","239.0000"
"HDW-HG-2042-80-WP-8","279.0000","279.0000"
"HDW-HG-2042-81-WP-4","249.0000","249.0000"
"HDW-HG-2042-81-WP-6","289.0000","289.0000"
"HDW-HG-2042-81-WP-8","349.0000","349.0000"
"HDW-HG-3032-12","0.0000","0.0000"
"HDW-HG-3044-12","19.9900","19.9900"
"HDW-HG-3046-12","22.9900","22.9900"
"HDW-HG-3049-12","29.9900","29.9900"
"HDW-HG-3058-12","29.9900","29.9900"
"HDW-HG-3588-12","19.9900","19.9900"
"HDW-HG-3714-12","19.9900","19.9900"
"HDW-HG-3714-12-WP-4","199.0000","199.0000"
"HDW-HG-3714-12-WP-6","239.0000","239.0000"
"HDW-HG-3714-12-WP-8","279.0000","279.0000"
"HDW-HG-3746-12","19.9900","19.9900"
"HDW-HG-3747-12","19.9900","19.9900"
"HDW-HG-3748-12","14.9900","14.9900"
"HDW-HG-3862-12","7.5000","7.5000"
"HDW-HG-3863-12","19.9900","19.9900"
"HDW-HG-3863-12-WP-4","0.0000","0.0000"
"HDW-HG-3863-12-WP-6","0.0000","0.0000"
"HDW-HG-3863-12-WP-8","0.0000","0.0000"
"HDW-HG-3909-12","19.9900","19.9900"
"HDW-HG-9301-12","14.9900","14.9900"
"HDW-HG-9306-12","39.9900","39.9900"
"HDW-HG-9309-12","59.9900","59.9900"
"HDW-HG-9311-12","14.9900","14.9900"
"HDW-HG-9320-12","79.9900","79.9900"
"HDW-HG-9321-12","109.9900","109.9900"
"HDW-HG-9324-12","14.9900","14.9900"
"HDW-HG-9326-12","19.9900","19.9900"
"HDW-HG-9326-12","19.9900","19.9900"
"HDW-HG-9353-12","16.9900","16.9900"
"JQCH-2012201-108","89.0000","89.0000"
"JQCH-2012201-120","99.0000","99.0000"
"JQCH-2012201-84","69.0000","69.0000"
"JQCH-2012201-96","79.0000","79.0000"
"JQCH-2012201-FP-108","99.0000","99.0000"
"JQCH-2012201-FP-120","109.0000","109.0000"
"JQCH-2012201-FP-84","79.0000","79.0000"
"JQCH-2012201-FP-96","89.0000","89.0000"
"JQCH-20122010-108","89.0000","89.0000"
"JQCH-20122010-120","99.0000","99.0000"
"JQCH-20122010-84","69.0000","69.0000"
"JQCH-20122010-96","79.0000","79.0000"
"JQCH-20122010-FP-108","99.0000","99.0000"
"JQCH-20122010-FP-120","109.0000","109.0000"
"JQCH-20122010-FP-84","79.0000","79.0000"
"JQCH-20122010-FP-96","89.0000","89.0000"
"JQCH-2012204-108","109.0000","109.0000"
"JQCH-2012204-120","99.0000","99.0000"
"JQCH-2012204-84","79.0000","79.0000"
"JQCH-2012204-96","89.0000","89.0000"
"JQCH-2012204-FP-108","99.0000","99.0000"
"JQCH-2012204-FP-120","109.0000","109.0000"
"JQCH-2012204-FP-84","79.0000","79.0000"
"JQCH-2012204-FP-96","89.0000","89.0000"
"JQCH-201263-108","89.0000","89.0000"
"JQCH-201263-120","99.0000","99.0000"
"JQCH-201263-84","69.0000","69.0000"
"JQCH-201263-96","79.0000","79.0000"
"JQCH-201263-FP-108","99.0000","99.0000"
"JQCH-201263-FP-120","109.0000","109.0000"
"JQCH-201263-FP-84","79.0000","79.0000"
"JQCH-201263-FP-96","89.0000","89.0000"
"JQCH-201266-108","89.0000","89.0000"
"JQCH-201266-120","99.0000","99.0000"
"JQCH-201266-84","69.0000","69.0000"
"JQCH-201266-96","79.0000","79.0000"
"JQCH-201266-FP-108","99.0000","99.0000"
"JQCH-201266-FP-120","109.0000","109.0000"
"JQCH-201266-FP-84","79.0000","79.0000"
"JQCH-201266-FP-96","89.0000","89.0000"
"JQCH-201268-108","89.0000","89.0000"
"JQCH-201268-120","99.0000","99.0000"
"JQCH-201268-84","69.0000","69.0000"
"JQCH-201268-96","79.0000","79.0000"
"JQCH-201268-FP-108","99.0000","99.0000"
"JQCH-201268-FP-120","109.0000","109.0000"
"JQCH-201268-FP-84","79.0000","79.0000"
"JQCH-201268-FP-96","89.0000","89.0000"
"JQCH-201301-108","89.0000","89.0000"
"JQCH-201301-120","99.0000","99.0000"
"JQCH-201301-84","69.0000","69.0000"
"JQCH-201301-96","79.0000","79.0000"
"JQCH-201301-FP-108","99.0000","99.0000"
"JQCH-201301-FP-120","109.0000","109.0000"
"JQCH-201301-FP-84","79.0000","79.0000"
"JQCH-201301-FP-96","89.0000","89.0000"
"JQCH-201302-108","89.0000","89.0000"
"JQCH-201302-120","99.0000","99.0000"
"JQCH-201302-84","69.0000","69.0000"
"JQCH-201302-96","79.0000","79.0000"
"JQCH-201302-FP-108","99.0000","99.0000"
"JQCH-201302-FP-120","109.0000","109.0000"
"JQCH-201302-FP-84","79.0000","79.0000"
"JQCH-201302-FP-96","89.0000","89.0000"
"JQCH-HANB10-108","119.0000","119.0000"
"JQCH-HANB10-120","129.0000","129.0000"
"JQCH-HANB10-84","99.0000","99.0000"
"JQCH-HANB10-96","109.0000","109.0000"
"JQCH-HANB11-108","159.0000","159.0000"
"JQCH-HANB11-120","169.0000","169.0000"
"JQCH-HANB11-84","139.0000","139.0000"
"JQCH-HANB11-96","149.0000","149.0000"
"JQCH-HANB12A-108","119.0000","119.0000"
"JQCH-HANB12A-120","129.0000","129.0000"
"JQCH-HANB12A-84","99.0000","99.0000"
"JQCH-HANB12A-96","109.0000","109.0000"
"JQCH-HANB12B-108","119.0000","119.0000"
"JQCH-HANB12B-120","129.0000","129.0000"
"JQCH-HANB12B-84","99.0000","99.0000"
"JQCH-HANB12B-96","109.0000","109.0000"
"JQCH-HANB13A-108","99.0000","99.0000"
"JQCH-HANB13A-120","109.0000","109.0000"
"JQCH-HANB13A-84","79.0000","79.0000"
"JQCH-HANB13A-96","89.0000","89.0000"
"JQCH-HANB13B-108","99.0000","99.0000"
"JQCH-HANB13B-120","109.0000","109.0000"
"JQCH-HANB13B-84","79.0000","79.0000"
"JQCH-HANB13B-96","89.0000","89.0000"
"JQCH-HANB13C-108","99.0000","99.0000"
"JQCH-HANB13C-120","109.0000","109.0000"
"JQCH-HANB13C-84","79.0000","79.0000"
"JQCH-HANB13C-96","89.0000","89.0000"
"JQCH-HANB13D-108","99.0000","99.0000"
"JQCH-HANB13D-120","109.0000","109.0000"
"JQCH-HANB13D-84","75.0000","75.0000"
"JQCH-HANB13D-96","89.0000","89.0000"
"JQCH-HANB14A-108","79.0000","79.0000"
"JQCH-HANB14A-84","59.0000","59.0000"
"JQCH-HANB14A-96","69.0000","69.0000"
"JQCH-HANB14B-108","79.0000","79.0000"
"JQCH-HANB14B-84","59.0000","59.0000"
"JQCH-HANB14B-96","69.0000","69.0000"
"JQCH-HANB14C-108","79.0000","79.0000"
"JQCH-HANB14C-84","59.0000","59.0000"
"JQCH-HANB14C-96","69.0000","69.0000"
"JQCH-HANB15-108","79.0000","79.0000"
"JQCH-HANB15-84","59.0000","59.0000"
"JQCH-HANB15-96","69.0000","69.0000"
"JQCH-HANB1A-108","139.0000","139.0000"
"JQCH-HANB1A-120","149.0000","149.0000"
"JQCH-HANB1A-84","119.0000","119.0000"
"JQCH-HANB1A-96","129.0000","129.0000"
"JQCH-HANB1B-108","139.0000","139.0000"
"JQCH-HANB1B-120","149.0000","149.0000"
"JQCH-HANB1B-84","119.0000","119.0000"
"JQCH-HANB1B-96","129.0000","129.0000"
"JQCH-HANB2-108","119.0000","119.0000"
"JQCH-HANB2-120","129.0000","129.0000"
"JQCH-HANB2-84","99.0000","99.0000"
"JQCH-HANB2-96","109.0000","109.0000"
"JQCH-HANB3A-108","119.0000","119.0000"
"JQCH-HANB3A-120","129.0000","129.0000"
"JQCH-HANB3A-84","99.0000","99.0000"
"JQCH-HANB3A-96","109.0000","109.0000"
"JQCH-HANB3B-108","119.0000","119.0000"
"JQCH-HANB3B-120","129.0000","129.0000"
"JQCH-HANB3B-84","99.0000","99.0000"
"JQCH-HANB3B-96","109.0000","109.0000"
"JQCH-HANB4-108","109.0000","109.0000"
"JQCH-HANB4-120","119.0000","119.0000"
"JQCH-HANB4-84","89.0000","89.0000"
"JQCH-HANB4-96","99.0000","99.0000"
"JQCH-HANB5A-108","139.0000","139.0000"
"JQCH-HANB5A-120","149.0000","149.0000"
"JQCH-HANB5A-84","119.0000","119.0000"
"JQCH-HANB5A-96","129.0000","129.0000"
"JQCH-HANB5B-108","139.0000","139.0000"
"JQCH-HANB5B-120","149.0000","149.0000"
"JQCH-HANB5B-84","119.0000","119.0000"
"JQCH-HANB5B-96","129.0000","129.0000"
"JQCH-HANB5C-108","139.0000","139.0000"
"JQCH-HANB5C-120","149.0000","149.0000"
"JQCH-HANB5C-84","119.0000","119.0000"
"JQCH-HANB5C-96","129.0000","129.0000"
"JQCH-HANB6-108","139.0000","139.0000"
"JQCH-HANB6-120","149.0000","149.0000"
"JQCH-HANB6-84","119.0000","119.0000"
"JQCH-HANB6-96","129.0000","129.0000"
"JQCH-HANB7-108","119.0000","119.0000"
"JQCH-HANB7-120","129.0000","129.0000"
"JQCH-HANB7-84","99.0000","99.0000"
"JQCH-HANB7-96","109.0000","109.0000"
"JQCH-HANB8-108","119.0000","119.0000"
"JQCH-HANB8-120","129.0000","129.0000"
"JQCH-HANB8-84","99.0000","99.0000"
"JQCH-HANB8-96","109.0000","109.0000"
"JQCH-HANB9-108","149.0000","149.0000"
"JQCH-HANB9-120","159.0000","159.0000"
"JQCH-HANB9-84","129.0000","129.0000"
"JQCH-HANB9-96","139.0000","139.0000"
"JQCH-ROM-CAS","0.0000","0.0000"
"JQCH-ROM-FSL","0.0000","0.0000"
"JQCH-ROM-RLX","0.0000","0.0000"
"JQCH-ROM-SFL","0.0000","0.0000"
"LN-5000-108","159.0000","159.0000"
"LN-5000-120","174.0000","174.0000"
"LN-5000-84","129.0000","129.0000"
"LN-5000-96","144.0000","144.0000"
"LN-5100-108","159.0000","159.0000"
"LN-5100-120","174.0000","174.0000"
"LN-5100-84","129.0000","129.0000"
"LN-5100-96","144.0000","144.0000"
"LN-5175-108","159.0000","159.0000"
"LN-5175-120","174.0000","174.0000"
"LN-5175-84","129.0000","129.0000"
"LN-5175-96","144.0000","144.0000"
"LN-5176-108","159.0000","159.0000"
"LN-5176-120","174.0000","174.0000"
"LN-5176-84","129.0000","129.0000"
"LN-5176-96","144.0000","144.0000"
"LN-5177-108","159.0000","159.0000"
"LN-5177-120","174.0000","174.0000"
"LN-5177-84","129.0000","129.0000"
"LN-5177-96","144.0000","144.0000"
"LN-5178-108","159.0000","159.0000"
"LN-5178-120","174.0000","174.0000"
"LN-5178-84","129.0000","129.0000"
"LN-5178-96","144.0000","144.0000"
"LN-5179-108","159.0000","159.0000"
"LN-5179-120","174.0000","174.0000"
"LN-5179-84","129.0000","129.0000"
"LN-5179-96","144.0000","144.0000"
"LN-5520-108","159.0000","159.0000"
"LN-5520-120","174.0000","174.0000"
"LN-5520-84","129.0000","129.0000"
"LN-5520-96","144.0000","144.0000"
"LN-ROM-CAS","0.0000","0.0000"
"LN-ROM-FSL","0.0000","0.0000"
"LN-ROM-RLX","0.0000","0.0000"
"LN-ROM-SFL","0.0000","0.0000"
"PDCH-HANB08-108","128.0000","128.0000"
"PDCH-HANB08-120","138.0000","138.0000"
"PDCH-HANB08-84","108.0000","108.0000"
"PDCH-HANB08-96","118.0000","118.0000"
"PDCH-HANB10-108","128.0000","128.0000"
"PDCH-HANB10-120","138.0000","138.0000"
"PDCH-HANB10-84","108.0000","108.0000"
"PDCH-HANB10-96","118.0000","118.0000"
"PDCH-HANB23-108","128.0000","128.0000"
"PDCH-HANB23-120","138.0000","138.0000"
"PDCH-HANB23-84","108.0000","108.0000"
"PDCH-HANB23-96","118.0000","118.0000"
"PDCH-HANB35-108","128.0000","128.0000"
"PDCH-HANB35-120","138.0000","138.0000"
"PDCH-HANB35-84","108.0000","108.0000"
"PDCH-HANB35-96","118.0000","118.0000"
"PDCH-HANB44-108","128.0000","128.0000"
"PDCH-HANB44-120","138.0000","138.0000"
"PDCH-HANB44-84","108.0000","108.0000"
"PDCH-HANB44-96","118.0000","118.0000"
"PDCH-HANB46-108","128.0000","128.0000"
"PDCH-HANB46-120","138.0000","138.0000"
"PDCH-HANB46-84","108.0000","108.0000"
"PDCH-HANB46-96","118.0000","118.0000"
"PDCH-HANB52-108","128.0000","128.0000"
"PDCH-HANB52-120","138.0000","138.0000"
"PDCH-HANB52-84","108.0000","108.0000"
"PDCH-HANB52-96","118.0000","118.0000"
"PDCH-HANB56-108","128.0000","128.0000"
"PDCH-HANB56-120","138.0000","138.0000"
"PDCH-HANB56-84","108.0000","108.0000"
"PDCH-HANB56-96","118.0000","118.0000"
"PDCH-HANB57-108","128.0000","128.0000"
"PDCH-HANB57-120","138.0000","138.0000"
"PDCH-HANB57-84","108.0000","108.0000"
"PDCH-HANB57-96","118.0000","118.0000"
"PDCH-HANB60-108","128.0000","128.0000"
"PDCH-HANB60-120","138.0000","138.0000"
"PDCH-HANB60-84","108.0000","108.0000"
"PDCH-HANB60-96","118.0000","118.0000"
"PDCH-HANB80-108","128.0000","128.0000"
"PDCH-HANB80-120","138.0000","138.0000"
"PDCH-HANB80-84","108.0000","108.0000"
"PDCH-HANB80-96","118.0000","118.0000"
"PDCH-HANB81-108","128.0000","128.0000"
"PDCH-HANB81-120","138.0000","138.0000"
"PDCH-HANB81-84","108.0000","108.0000"
"PDCH-HANB81-96","118.0000","118.0000"
"PDCH-HANB83-108","128.0000","128.0000"
"PDCH-HANB83-120","138.0000","138.0000"
"PDCH-HANB83-84","108.0000","108.0000"
"PDCH-HANB83-96","118.0000","118.0000"
"PDCH-HANB85-108","128.0000","128.0000"
"PDCH-HANB85-120","138.0000","138.0000"
"PDCH-HANB85-84","108.0000","108.0000"
"PDCH-HANB85-96","118.0000","118.0000"
"PDCH-KBS1-108","99.0000","99.0000"
"PDCH-KBS1-120","109.0000","109.0000"
"PDCH-KBS1-84","79.0000","79.0000"
"PDCH-KBS1-96","89.0000","89.0000"
"PDCH-KBS10-96","0.0000","0.0000"
"PDCH-KBS11-108","99.0000","99.0000"
"PDCH-KBS11-120","109.0000","109.0000"
"PDCH-KBS11-84","79.0000","79.0000"
"PDCH-KBS11-96","89.0000","89.0000"
"PDCH-KBS14-108","99.0000","99.0000"
"PDCH-KBS14-120","109.0000","109.0000"
"PDCH-KBS14-84","79.0000","79.0000"
"PDCH-KBS14-96","89.0000","89.0000"
"PDCH-KBS15-108","99.0000","99.0000"
"PDCH-KBS15-120","109.0000","109.0000"
"PDCH-KBS15-84","79.0000","79.0000"
"PDCH-KBS15-96","89.0000","89.0000"
"PDCH-KBS16-108","99.0000","99.0000"
"PDCH-KBS16-108","20.0000","20.0000"
"PDCH-KBS16-120","30.0000","30.0000"
"PDCH-KBS16-120","109.0000","109.0000"
"PDCH-KBS16-84","79.0000","79.0000"
"PDCH-KBS16-84","0.0000","0.0000"
"PDCH-KBS16-96","10.0000","10.0000"
"PDCH-KBS16-96","89.0000","89.0000"
"PDCH-KBS17-108","25.0000","25.0000"
"PDCH-KBS17-120","35.0000","35.0000"
"PDCH-KBS17-84","0.0000","0.0000"
"PDCH-KBS17-96","15.0000","15.0000"
"PDCH-KBS18-108","99.0000","99.0000"
"PDCH-KBS18-120","109.0000","109.0000"
"PDCH-KBS18-84","79.0000","79.0000"
"PDCH-KBS18-96","89.0000","89.0000"
"PDCH-KBS18-96","0.0000","0.0000"
"PDCH-KBS2-108","99.0000","99.0000"
"PDCH-KBS2-120","109.0000","109.0000"
"PDCH-KBS2-84","79.0000","79.0000"
"PDCH-KBS2-96","89.0000","89.0000"
"PDCH-KBS3-108","99.0000","99.0000"
"PDCH-KBS3-120","109.0000","109.0000"
"PDCH-KBS3-84","79.0000","79.0000"
"PDCH-KBS3-96","89.0000","89.0000"
"PDCH-KBS5-108","99.0000","99.0000"
"PDCH-KBS5-120","109.0000","109.0000"
"PDCH-KBS5-84","79.0000","79.0000"
"PDCH-KBS5-96","89.0000","89.0000"
"PDCH-KBS6-108","99.0000","99.0000"
"PDCH-KBS6-120","109.0000","109.0000"
"PDCH-KBS6-84","79.0000","79.0000"
"PDCH-KBS6-96","89.0000","89.0000"
"PDCH-KBS6-FB","15.0000","15.0000"
"PDCH-KBS7-108","99.0000","99.0000"
"PDCH-KBS7-120","109.0000","109.0000"
"PDCH-KBS7-84","79.0000","79.0000"
"PDCH-KBS7-96","89.0000","89.0000"
"PDCH-KBS8-108","99.0000","99.0000"
"PDCH-KBS8-120","109.0000","109.0000"
"PDCH-KBS8-84","79.0000","79.0000"
"PDCH-KBS8-96","89.0000","89.0000"
"PDCH-KBS9-108","99.0000","99.0000"
"PDCH-KBS9-120","109.0000","109.0000"
"PDCH-KBS9-84","79.0000","79.0000"
"PDCH-KBS9-96","89.0000","89.0000"
"PDCH-ROM-CAS","0.0000","0.0000"
"PDCH-ROM-FSL","0.0000","0.0000"
"PDCH-ROM-RLX","0.0000","0.0000"
"PDCH-ROM-SFL","0.0000","0.0000"
"PRTW-D01-108","129.0000","129.0000"
"PRTW-D01-120","139.0000","139.0000"
"PRTW-D01-84","99.0000","99.0000"
"PRTW-D01-96","119.0000","119.0000"
"PRTW-D02-108","129.0000","129.0000"
"PRTW-D02-108","238.9900","238.9900"
"PRTW-D02-120","258.9900","258.9900"
"PRTW-D02-120","139.0000","139.0000"
"PRTW-D02-84","99.0000","99.0000"
"PRTW-D02-84","198.9900","198.9900"
"PRTW-D02-96","218.9900","218.9900"
"PRTW-D02-96","119.0000","119.0000"
"PRTW-D04-108","129.0000","129.0000"
"PRTW-D04-120","139.0000","139.0000"
"PRTW-D04-84","99.0000","99.0000"
"PRTW-D04-96","119.0000","119.0000"
"PRTW-D05-108","129.0000","129.0000"
"PRTW-D05-120","139.0000","139.0000"
"PRTW-D05-84","99.0000","99.0000"
"PRTW-D05-96","119.0000","119.0000"
"PRTW-D06A-108","129.0000","129.0000"
"PRTW-D06A-120","139.0000","139.0000"
"PRTW-D06A-84","99.0000","99.0000"
"PRTW-D06A-96","119.0000","119.0000"
"PRTW-D06B-108","129.0000","129.0000"
"PRTW-D06B-120","139.0000","139.0000"
"PRTW-D06B-84","99.0000","99.0000"
"PRTW-D06B-96","119.0000","119.0000"
"PRTW-D09-108","129.0000","129.0000"
"PRTW-D09-120","139.0000","139.0000"
"PRTW-D09-84","99.0000","99.0000"
"PRTW-D09-96","119.0000","119.0000"
"PRTW-D11-108","129.0000","129.0000"
"PRTW-D11-120","139.0000","139.0000"
"PRTW-D11-84","99.0000","99.0000"
"PRTW-D11-96","119.0000","119.0000"
"PRTW-D12-108","129.0000","129.0000"
"PRTW-D12-120","139.0000","139.0000"
"PRTW-D12-84","99.0000","99.0000"
"PRTW-D12-96","119.0000","119.0000"
"PRTW-D13-108","129.0000","129.0000"
"PRTW-D13-120","139.0000","139.0000"
"PRTW-D13-84","99.0000","99.0000"
"PRTW-D13-96","119.0000","119.0000"
"PRTW-D15-108","129.0000","129.0000"
"PRTW-D15-120","139.0000","139.0000"
"PRTW-D15-84","99.0000","99.0000"
"PRTW-D15-96","119.0000","119.0000"
"PRTW-D16-108","129.0000","129.0000"
"PRTW-D16-120","139.0000","139.0000"
"PRTW-D16-84","99.0000","99.0000"
"PRTW-D16-96","119.0000","119.0000"
"PRTW-D17-108","129.0000","129.0000"
"PRTW-D17-120","139.0000","139.0000"
"PRTW-D17-84","99.0000","99.0000"
"PRTW-D17-96","119.0000","119.0000"
"PRTW-D20-108","129.0000","129.0000"
"PRTW-D20-120","139.0000","139.0000"
"PRTW-D20-84","99.0000","99.0000"
"PRTW-D20-96","119.0000","119.0000"
"PRTW-D21-108","129.0000","129.0000"
"PRTW-D21-120","139.0000","139.0000"
"PRTW-D21-84","99.0000","99.0000"
"PRTW-D21-96","119.0000","119.0000"
"PRTW-D22-108","129.0000","129.0000"
"PRTW-D22-120","139.0000","139.0000"
"PRTW-D22-84","99.0000","99.0000"
"PRTW-D22-96","119.0000","119.0000"
"PRTW-D23-108","129.0000","129.0000"
"PRTW-D23-108","238.9900","238.9900"
"PRTW-D23-120","258.9900","258.9900"
"PRTW-D23-120","139.0000","139.0000"
"PRTW-D23-84","99.0000","99.0000"
"PRTW-D23-84","198.9900","198.9900"
"PRTW-D23-96","218.9900","218.9900"
"PRTW-D23-96","119.0000","119.0000"
"PRTW-D24A-108","129.0000","129.0000"
"PRTW-D24A-120","139.0000","139.0000"
"PRTW-D24A-84","99.0000","99.0000"
"PRTW-D24A-96","119.0000","119.0000"
"PRTW-D24B-108","129.0000","129.0000"
"PRTW-D24B-120","139.0000","139.0000"
"PRTW-D24B-84","99.0000","99.0000"
"PRTW-D24B-96","119.0000","119.0000"
"PRTW-D25-108","129.0000","129.0000"
"PRTW-D25-120","139.0000","139.0000"
"PRTW-D25-84","99.0000","99.0000"
"PRTW-D25-96","119.0000","119.0000"
"PRTW-D26-108","129.0000","129.0000"
"PRTW-D26-120","139.0000","139.0000"
"PRTW-D26-84","99.0000","99.0000"
"PRTW-D26-96","119.0000","119.0000"
"PRTW-D27-108","129.0000","129.0000"
"PRTW-D27-120","139.0000","139.0000"
"PRTW-D27-84","99.0000","99.0000"
"PRTW-D27-96","119.0000","119.0000"
"PRTW-D28-108","129.0000","129.0000"
"PRTW-D28-108","238.9900","238.9900"
"PRTW-D28-120","258.9900","258.9900"
"PRTW-D28-120","139.0000","139.0000"
"PRTW-D28-84","99.0000","99.0000"
"PRTW-D28-84","198.9900","198.9900"
"PRTW-D28-96","218.9900","218.9900"
"PRTW-D28-96","119.0000","119.0000"
"PRTW-D29A-108","129.0000","129.0000"
"PRTW-D29A-120","139.0000","139.0000"
"PRTW-D29A-84","99.0000","99.0000"
"PRTW-D29A-96","119.0000","119.0000"
"PRTW-D29B-108","129.0000","129.0000"
"PRTW-D29B-120","139.0000","139.0000"
"PRTW-D29B-84","99.0000","99.0000"
"PRTW-D29B-96","119.0000","119.0000"
"PRTW-D30-108","129.0000","129.0000"
"PRTW-D30-120","139.0000","139.0000"
"PRTW-D30-84","99.0000","99.0000"
"PRTW-D30-96","119.0000","119.0000"
"PRTW-D31-108","129.0000","129.0000"
"PRTW-D31-120","139.0000","139.0000"
"PRTW-D31-84","99.0000","99.0000"
"PRTW-D31-96","119.0000","119.0000"
"PRTW-D32-108","129.0000","129.0000"
"PRTW-D32-120","139.0000","139.0000"
"PRTW-D32-84","99.0000","99.0000"
"PRTW-D32-96","119.0000","119.0000"
"PRTW-D33-108","129.0000","129.0000"
"PRTW-D33-120","139.0000","139.0000"
"PRTW-D33-84","99.0000","99.0000"
"PRTW-D33-96","119.0000","119.0000"
"PRTW-ROM-CAS","0.0000","0.0000"
"PRTW-ROM-FSL","0.0000","0.0000"
"PRTW-ROM-RLX","0.0000","0.0000"
"PRTW-ROM-SFL","0.0000","0.0000"
"PTCH-001-108-RU","139.0000","139.0000"
"PTCH-001-120-RU","159.0000","159.0000"
"PTCH-001-84-RU","99.0000","99.0000"
"PTCH-001-96-RU","119.0000","119.0000"
"PTCH-003-108-RU","139.0000","139.0000"
"PTCH-003-84-RU","99.0000","99.0000"
"PTCH-003-96-RU","119.0000","119.0000"
"PTCH-005-108-RU","139.0000","139.0000"
"PTCH-005-120-RU","159.0000","159.0000"
"PTCH-005-84-RU","99.0000","99.0000"
"PTCH-005-96-RU","119.0000","119.0000"
"PTCH-005-RUVAL-108","139.0000","139.0000"
"PTCH-005-RUVAL-120","159.0000","159.0000"
"PTCH-005-RUVAL-84","99.0000","99.0000"
"PTCH-005-RUVAL-96","119.0000","119.0000"
"PTCH-100-108-RU","139.0000","139.0000"
"PTCH-100-120-RU","159.0000","159.0000"
"PTCH-100-84-RU","99.0000","99.0000"
"PTCH-100-96-RU","119.0000","119.0000"
"PTCH-102-108-RU","139.0000","139.0000"
"PTCH-102-120-RU","159.0000","159.0000"
"PTCH-102-84-RU","99.0000","99.0000"
"PTCH-102-96-RU","119.0000","119.0000"
"PTCH-104-108-RU","139.0000","139.0000"
"PTCH-104-120-RU","159.0000","159.0000"
"PTCH-104-84-RU","99.0000","99.0000"
"PTCH-104-96-RU","119.0000","119.0000"
"PTCH-1066-108-RU","139.0000","139.0000"
"PTCH-1066-120-RU","159.0000","159.0000"
"PTCH-1066-84-RU","99.0000","99.0000"
"PTCH-1066-96-RU","119.0000","119.0000"
"PTCH-1066-RUVAL-108","159.0000","159.0000"
"PTCH-1066-RUVAL-120","179.0000","179.0000"
"PTCH-1066-RUVAL-84","119.0000","119.0000"
"PTCH-1066-RUVAL-96","139.0000","139.0000"
"PTCH-112-108-RU","139.0000","139.0000"
"PTCH-112-84-RU","99.0000","99.0000"
"PTCH-112-96-RU","119.0000","119.0000"
"PTCH-112-RUVAL-108","159.0000","159.0000"
"PTCH-112-RUVAL-120","179.0000","179.0000"
"PTCH-112-RUVAL-84","119.0000","119.0000"
"PTCH-112-RUVAL-96","139.0000","139.0000"
"PTCH-120-108-RU","139.0000","139.0000"
"PTCH-120-108-RU","139.0000","139.0000"
"PTCH-120-120-RU","159.0000","159.0000"
"PTCH-120-84-RU","99.0000","99.0000"
"PTCH-120-84-RU","99.0000","99.0000"
"PTCH-120-96-RU","119.0000","119.0000"
"PTCH-120-96-RU","119.0000","119.0000"
"PTCH-130907-108-RU","139.0000","139.0000"
"PTCH-130907-120-RU","159.0000","159.0000"
"PTCH-130907-84-RU","99.0000","99.0000"
"PTCH-130907-96-RU","119.0000","119.0000"
"PTCH-190912-108-RU","139.0000","139.0000"
"PTCH-190912-84-RU","99.0000","99.0000"
"PTCH-190912-96-RU","119.0000","119.0000"
"PTCH-194010-108-RU","139.0000","139.0000"
"PTCH-194010-120-RU","159.0000","159.0000"
"PTCH-194010-84-RU","99.0000","99.0000"
"PTCH-194010-96-RU","119.0000","119.0000"
"PTCH-202-108-RU","139.0000","139.0000"
"PTCH-202-120-RU","159.0000","159.0000"
"PTCH-202-84-RU","99.0000","99.0000"
"PTCH-202-96-RU","119.0000","119.0000"
"PTCH-203-108-RU","139.0000","139.0000"
"PTCH-203-120-RU","159.0000","159.0000"
"PTCH-203-84-RU","99.0000","99.0000"
"PTCH-203-96-RU","119.0000","119.0000"
"PTCH-204-108-RU","139.0000","139.0000"
"PTCH-204-120-RU","159.0000","159.0000"
"PTCH-204-84-RU","99.0000","99.0000"
"PTCH-204-96-RU","119.0000","119.0000"
"PTCH-205-108-RU","139.0000","139.0000"
"PTCH-205-120-RU","159.0000","159.0000"
"PTCH-205-84-RU","99.0000","99.0000"
"PTCH-205-96-RU","119.0000","119.0000"
"PTCH-206-108-RU","139.0000","139.0000"
"PTCH-206-120-RU","159.0000","159.0000"
"PTCH-206-84-RU","99.0000","99.0000"
"PTCH-206-96-RU","119.0000","119.0000"
"PTCH-207-108-RU","139.0000","139.0000"
"PTCH-207-120-RU","159.0000","159.0000"
"PTCH-207-84-RU","99.0000","99.0000"
"PTCH-207-96-RU","119.0000","119.0000"
"PTCH-208-108-RU","139.0000","139.0000"
"PTCH-208-120-RU","159.0000","159.0000"
"PTCH-208-84-RU","99.0000","99.0000"
"PTCH-208-96-RU","119.0000","119.0000"
"PTCH-209-108-RU","139.0000","139.0000"
"PTCH-209-120-RU","159.0000","159.0000"
"PTCH-209-84-RU","99.0000","99.0000"
"PTCH-209-96-RU","119.0000","119.0000"
"PTCH-27-108-RU","139.0000","139.0000"
"PTCH-27-120-RU","159.0000","159.0000"
"PTCH-27-84-RU","99.0000","99.0000"
"PTCH-27-96-RU","119.0000","119.0000"
"PTCH-29-108-RU","139.0000","139.0000"
"PTCH-29-120-RU","159.0000","159.0000"
"PTCH-29-84-RU","99.0000","99.0000"
"PTCH-29-96-RU","119.0000","119.0000"
"PTCH-41-108-RU","139.0000","139.0000"
"PTCH-41-120-RU","159.0000","159.0000"
"PTCH-41-84-RU","99.0000","99.0000"
"PTCH-41-96-RU","119.0000","119.0000"
"PTCH-5-RUVAL-108","159.0000","159.0000"
"PTCH-5-RUVAL-120","179.0000","179.0000"
"PTCH-5-RUVAL-84","119.0000","119.0000"
"PTCH-5-RUVAL-96","139.0000","139.0000"
"PTCH-54-108-RU","139.0000","139.0000"
"PTCH-54-120-RU","159.0000","159.0000"
"PTCH-54-84-RU","99.0000","99.0000"
"PTCH-54-96-RU","119.0000","119.0000"
"PTCH-87-108-RU","139.0000","139.0000"
"PTCH-87-120-RU","159.0000","159.0000"
"PTCH-87-84-RU","99.0000","99.0000"
"PTCH-87-96-RU","119.0000","119.0000"
"PTCH-JTSP001-108","114.0000","114.0000"
"PTCH-JTSP001-108","25.0000","25.0000"
"PTCH-JTSP001-120","124.0000","124.0000"
"PTCH-JTSP001-84","89.0000","89.0000"
"PTCH-JTSP001-84","0.0000","0.0000"
"PTCH-JTSP001-96","15.0000","15.0000"
"PTCH-JTSP001-96","104.0000","104.0000"
"PTCH-JTSP003-108","114.0000","114.0000"
"PTCH-JTSP003-120","124.0000","124.0000"
"PTCH-JTSP003-84","89.0000","89.0000"
"PTCH-JTSP003-96","104.0000","104.0000"
"PTCH-JTSP005-108","114.0000","114.0000"
"PTCH-JTSP005-108","25.0000","25.0000"
"PTCH-JTSP005-108-RU","139.0000","139.0000"
"PTCH-JTSP005-120","124.0000","124.0000"
"PTCH-JTSP005-120","35.0000","35.0000"
"PTCH-JTSP005-84","0.0000","0.0000"
"PTCH-JTSP005-84","89.0000","89.0000"
"PTCH-JTSP005-96","104.0000","104.0000"
"PTCH-JTSP005-96","15.0000","15.0000"
"PTCH-JTSP100-108","25.0000","25.0000"
"PTCH-JTSP100-108","114.0000","114.0000"
"PTCH-JTSP100-120","124.0000","124.0000"
"PTCH-JTSP100-120","35.0000","35.0000"
"PTCH-JTSP100-84","0.0000","0.0000"
"PTCH-JTSP100-84","89.0000","89.0000"
"PTCH-JTSP100-96","104.0000","104.0000"
"PTCH-JTSP100-96","15.0000","15.0000"
"PTCH-JTSP102-108","25.0000","25.0000"
"PTCH-JTSP102-108","114.0000","114.0000"
"PTCH-JTSP102-120","124.0000","124.0000"
"PTCH-JTSP102-120","35.0000","35.0000"
"PTCH-JTSP102-84","0.0000","0.0000"
"PTCH-JTSP102-84","89.0000","89.0000"
"PTCH-JTSP102-96","104.0000","104.0000"
"PTCH-JTSP102-96","15.0000","15.0000"
"PTCH-JTSP104-108","114.0000","114.0000"
"PTCH-JTSP104-120","124.0000","124.0000"
"PTCH-JTSP104-84","89.0000","89.0000"
"PTCH-JTSP104-96","104.0000","104.0000"
"PTCH-JTSP1066-108","114.0000","114.0000"
"PTCH-JTSP1066-120","124.0000","124.0000"
"PTCH-JTSP1066-84","89.0000","89.0000"
"PTCH-JTSP1066-96","104.0000","104.0000"
"PTCH-JTSP112-108","114.0000","114.0000"
"PTCH-JTSP112-120","124.0000","124.0000"
"PTCH-JTSP112-120-RU","159.0000","159.0000"
"PTCH-JTSP112-84","89.0000","89.0000"
"PTCH-JTSP112-96","104.0000","104.0000"
"PTCH-JTSP112-96","104.0000","104.0000"
"PTCH-JTSP120-108","114.0000","114.0000"
"PTCH-JTSP120-120","124.0000","124.0000"
"PTCH-JTSP120-84","89.0000","89.0000"
"PTCH-JTSP120-96","104.0000","104.0000"
"PTCH-JTSP130907-108","114.0000","114.0000"
"PTCH-JTSP130907-108","0.0000","0.0000"
"PTCH-JTSP130907-120","10.0000","10.0000"
"PTCH-JTSP130907-120","124.0000","124.0000"
"PTCH-JTSP130907-84","89.0000","89.0000"
"PTCH-JTSP130907-96","104.0000","104.0000"
"PTCH-JTSP190912-108","114.0000","114.0000"
"PTCH-JTSP190912-120","124.0000","124.0000"
"PTCH-JTSP190912-84","89.0000","89.0000"
"PTCH-JTSP190912-96","104.0000","104.0000"
"PTCH-JTSP194010-108","114.0000","114.0000"
"PTCH-JTSP194010-120","124.0000","124.0000"
"PTCH-JTSP194010-84","89.0000","89.0000"
"PTCH-JTSP194010-96","104.0000","104.0000"
"PTCH-JTSP202-108","114.0000","114.0000"
"PTCH-JTSP202-120","124.0000","124.0000"
"PTCH-JTSP202-84","89.0000","89.0000"
"PTCH-JTSP202-96","104.0000","104.0000"
"PTCH-JTSP203-108","114.0000","114.0000"
"PTCH-JTSP203-120","124.0000","124.0000"
"PTCH-JTSP203-84","89.0000","89.0000"
"PTCH-JTSP203-96","104.0000","104.0000"
"PTCH-JTSP204-108","114.0000","114.0000"
"PTCH-JTSP204-120","124.0000","124.0000"
"PTCH-JTSP204-84","89.0000","89.0000"
"PTCH-JTSP204-96","104.0000","104.0000"
"PTCH-JTSP205-108","114.0000","114.0000"
"PTCH-JTSP205-120","124.0000","124.0000"
"PTCH-JTSP205-84","89.0000","89.0000"
"PTCH-JTSP205-96","104.0000","104.0000"
"PTCH-JTSP206-108","114.0000","114.0000"
"PTCH-JTSP206-120","124.0000","124.0000"
"PTCH-JTSP206-84","89.0000","89.0000"
"PTCH-JTSP206-96","104.0000","104.0000"
"PTCH-JTSP207-108","114.0000","114.0000"
"PTCH-JTSP207-120","124.0000","124.0000"
"PTCH-JTSP207-84","89.0000","89.0000"
"PTCH-JTSP207-96","104.0000","104.0000"
"PTCH-JTSP208-108","114.0000","114.0000"
"PTCH-JTSP208-120","124.0000","124.0000"
"PTCH-JTSP208-84","89.0000","89.0000"
"PTCH-JTSP208-96","104.0000","104.0000"
"PTCH-JTSP209-108","114.0000","114.0000"
"PTCH-JTSP209-120","124.0000","124.0000"
"PTCH-JTSP209-84","89.0000","89.0000"
"PTCH-JTSP209-96","104.0000","104.0000"
"PTCH-JTSP27-108","114.0000","114.0000"
"PTCH-JTSP27-120","124.0000","124.0000"
"PTCH-JTSP27-84","89.0000","89.0000"
"PTCH-JTSP27-96","104.0000","104.0000"
"PTCH-JTSP29-108","114.0000","114.0000"
"PTCH-JTSP29-120","124.0000","124.0000"
"PTCH-JTSP29-84","89.0000","89.0000"
"PTCH-JTSP29-96","104.0000","104.0000"
"PTCH-JTSP41-108","114.0000","114.0000"
"PTCH-JTSP41-120","124.0000","124.0000"
"PTCH-JTSP41-84","89.0000","89.0000"
"PTCH-JTSP41-96","104.0000","104.0000"
"PTCH-JTSP5-108","114.0000","114.0000"
"PTCH-JTSP5-120","124.0000","124.0000"
"PTCH-JTSP5-84","89.0000","89.0000"
"PTCH-JTSP5-96","104.0000","104.0000"
"PTCH-JTSP54-108","114.0000","114.0000"
"PTCH-JTSP54-120","124.0000","124.0000"
"PTCH-JTSP54-84","89.0000","89.0000"
"PTCH-JTSP54-96","104.0000","104.0000"
"PTCH-JTSP87-108","114.0000","114.0000"
"PTCH-JTSP87-120","124.0000","124.0000"
"PTCH-JTSP87-84","89.0000","89.0000"
"PTCH-JTSP87-96","104.0000","104.0000"
"PTCH-ROM-CAS","0.0000","0.0000"
"PTCH-ROM-FSL","0.0000","0.0000"
"PTCH-ROM-RLX","0.0000","0.0000"
"PTCH-ROM-SFL","0.0000","0.0000"
"PTFFLK-C2-108","89.0000","89.0000"
"PTFFLK-C2-120","99.0000","99.0000"
"PTFFLK-C2-84","69.0000","69.0000"
"PTFFLK-C2-96","79.0000","79.0000"
"PTFFLK-C20A-108","89.0000","89.0000"
"PTFFLK-C20A-120","99.0000","99.0000"
"PTFFLK-C20A-84","69.0000","69.0000"
"PTFFLK-C20A-96","79.0000","79.0000"
"PTFFLK-C20B-108","89.0000","89.0000"
"PTFFLK-C20B-120","99.0000","99.0000"
"PTFFLK-C20B-84","69.0000","69.0000"
"PTFFLK-C20B-96","79.0000","79.0000"
"PTFFLK-C21A-108","89.0000","89.0000"
"PTFFLK-C21A-120","99.0000","99.0000"
"PTFFLK-C21A-84","69.0000","69.0000"
"PTFFLK-C21A-96","79.0000","79.0000"
"PTFFLK-C21B-108","89.0000","89.0000"
"PTFFLK-C21B-120","99.0000","99.0000"
"PTFFLK-C21B-84","69.0000","69.0000"
"PTFFLK-C21B-96","79.0000","79.0000"
"PTFFLK-C22A-108","89.0000","89.0000"
"PTFFLK-C22A-120","99.0000","99.0000"
"PTFFLK-C22A-84","69.0000","69.0000"
"PTFFLK-C22A-96","79.0000","79.0000"
"PTFFLK-C22B-108","89.0000","89.0000"
"PTFFLK-C22B-120","99.0000","99.0000"
"PTFFLK-C22B-84","69.0000","69.0000"
"PTFFLK-C22B-96","79.0000","79.0000"
"PTFFLK-C23A-108","89.0000","89.0000"
"PTFFLK-C23A-120","99.0000","99.0000"
"PTFFLK-C23A-84","69.0000","69.0000"
"PTFFLK-C23A-96","79.0000","79.0000"
"PTFFLK-C23B-108","89.0000","89.0000"
"PTFFLK-C23B-120","99.0000","99.0000"
"PTFFLK-C23B-84","69.0000","69.0000"
"PTFFLK-C23B-96","79.0000","79.0000"
"PTFFLK-C25-108","89.0000","89.0000"
"PTFFLK-C25-120","99.0000","99.0000"
"PTFFLK-C25-84","69.0000","69.0000"
"PTFFLK-C25-96","79.0000","79.0000"
"PTFFLK-C26-108","89.0000","89.0000"
"PTFFLK-C26-120","99.0000","99.0000"
"PTFFLK-C26-84","69.0000","69.0000"
"PTFFLK-C26-96","79.0000","79.0000"
"PTFFLK-C30-108","89.0000","89.0000"
"PTFFLK-C30-120","99.0000","99.0000"
"PTFFLK-C30-84","69.0000","69.0000"
"PTFFLK-C30-96","79.0000","79.0000"
"PTFFLK-C5-108","89.0000","89.0000"
"PTFFLK-C5-120","99.0000","99.0000"
"PTFFLK-C5-84","69.0000","69.0000"
"PTFFLK-C5-96","79.0000","79.0000"
"PTFFLK-C7-108","89.0000","89.0000"
"PTFFLK-C7-120","99.0000","99.0000"
"PTFFLK-C7-84","69.0000","69.0000"
"PTFFLK-C7-96","79.0000","79.0000"
"PTSCH-11082-108","109.0000","109.0000"
"PTSCH-11082-120","119.0000","119.0000"
"PTSCH-11082-84","89.0000","89.0000"
"PTSCH-11082-96","99.0000","99.0000"
"PTSCH-11082-FB","20.0000","20.0000"
"PTSCH-11083-108","109.0000","109.0000"
"PTSCH-11083-120","119.0000","119.0000"
"PTSCH-11083-84","89.0000","89.0000"
"PTSCH-11083-96","99.0000","99.0000"
"PTSCH-11083-FB","20.0000","20.0000"
"PTSCH-11087-108","109.0000","109.0000"
"PTSCH-11087-120","119.0000","119.0000"
"PTSCH-11087-84","89.0000","89.0000"
"PTSCH-11087-96","99.0000","99.0000"
"PTSCH-11087-FB","20.0000","20.0000"
"PTSCH-11089-108","109.0000","109.0000"
"PTSCH-11089-120","119.0000","119.0000"
"PTSCH-11089-84","89.0000","89.0000"
"PTSCH-11089-96","99.0000","99.0000"
"PTSCH-11089-FB","20.0000","20.0000"
"PTSCH-11091-108","109.0000","109.0000"
"PTSCH-11091-120","119.0000","119.0000"
"PTSCH-11091-84","89.0000","89.0000"
"PTSCH-11091-96","99.0000","99.0000"
"PTSCH-11091-FB","20.0000","20.0000"
"PTSCH-11093-108","109.0000","109.0000"
"PTSCH-11093-120","119.0000","119.0000"
"PTSCH-11093-63","0.0000","0.0000"
"PTSCH-11093-84","89.0000","89.0000"
"PTSCH-11093-96","99.0000","99.0000"
"PTSCH-11093-FB","20.0000","20.0000"
"PTSCH-11095-108","109.0000","109.0000"
"PTSCH-11095-120","119.0000","119.0000"
"PTSCH-11095-84","89.0000","89.0000"
"PTSCH-11095-96","99.0000","99.0000"
"PTSCH-11095-FB","20.0000","20.0000"
"PTSCH-11096-108","109.0000","109.0000"
"PTSCH-11096-120","119.0000","119.0000"
"PTSCH-11096-84","89.0000","89.0000"
"PTSCH-11096-96","99.0000","99.0000"
"PTSCH-11096-FB","20.0000","20.0000"
"PTSCH-11098-108","109.0000","109.0000"
"PTSCH-11098-120","119.0000","119.0000"
"PTSCH-11098-84","89.0000","89.0000"
"PTSCH-11098-96","99.0000","99.0000"
"PTSCH-11098-FB","20.0000","20.0000"
"PTSCH-11100-108","109.0000","109.0000"
"PTSCH-11100-108","20.0000","20.0000"
"PTSCH-11100-120","30.0000","30.0000"
"PTSCH-11100-120","119.0000","119.0000"
"PTSCH-11100-84","89.0000","89.0000"
"PTSCH-11100-84","0.0000","0.0000"
"PTSCH-11100-96","10.0000","10.0000"
"PTSCH-11100-96","99.0000","99.0000"
"PTSCH-11100-FB","20.0000","20.0000"
"PTSCH-12012-108","109.0000","109.0000"
"PTSCH-12012-120","119.0000","119.0000"
"PTSCH-12012-84","89.0000","89.0000"
"PTSCH-12012-96","99.0000","99.0000"
"PTSCH-12012-FB","20.0000","20.0000"
"PTSCH-13400-108","109.0000","109.0000"
"PTSCH-13400-120","119.0000","119.0000"
"PTSCH-13400-84","89.0000","89.0000"
"PTSCH-13400-96","99.0000","99.0000"
"PTSCH-13400-FB","20.0000","20.0000"
"PTSCH-13401-108","109.0000","109.0000"
"PTSCH-13401-120","119.0000","119.0000"
"PTSCH-13401-84","89.0000","89.0000"
"PTSCH-13401-96","99.0000","99.0000"
"PTSCH-13401-FB","20.0000","20.0000"
"PTSCH-13402-108","109.0000","109.0000"
"PTSCH-13402-120","119.0000","119.0000"
"PTSCH-13402-84","89.0000","89.0000"
"PTSCH-13402-96","99.0000","99.0000"
"PTSCH-13402-FB","20.0000","20.0000"
"PTSCH-13403-108","109.0000","109.0000"
"PTSCH-13403-120","119.0000","119.0000"
"PTSCH-13403-84","89.0000","89.0000"
"PTSCH-13403-96","99.0000","99.0000"
"PTSCH-13403-FB","20.0000","20.0000"
"PTSCH-13404-108","109.0000","109.0000"
"PTSCH-13404-120","119.0000","119.0000"
"PTSCH-13404-84","89.0000","89.0000"
"PTSCH-13404-96","99.0000","99.0000"
"PTSCH-13404-FB","20.0000","20.0000"
"PTSCH-32012-108","109.0000","109.0000"
"PTSCH-32012-120","119.0000","119.0000"
"PTSCH-32012-84","89.0000","89.0000"
"PTSCH-32012-96","99.0000","99.0000"
"PTSCH-32012-FB","20.0000","20.0000"
"PTSCH-42012-108","109.0000","109.0000"
"PTSCH-42012-120","119.0000","119.0000"
"PTSCH-42012-84","89.0000","89.0000"
"PTSCH-42012-96","99.0000","99.0000"
"PTSCH-42012-FB","20.0000","20.0000"
"PTSCH-52012-108","109.0000","109.0000"
"PTSCH-52012-120","119.0000","119.0000"
"PTSCH-52012-84","89.0000","89.0000"
"PTSCH-52012-96","99.0000","99.0000"
"PTSCH-52012-FB","20.0000","20.0000"
"PTSCH-72012-108","109.0000","109.0000"
"PTSCH-72012-120","119.0000","119.0000"
"PTSCH-72012-84","89.0000","89.0000"
"PTSCH-72012-96","99.0000","99.0000"
"PTSCH-72012-FB","20.0000","20.0000"
"PTSCH-ROM-CAS","0.0000","0.0000"
"PTSCH-ROM-FSL","0.0000","0.0000"
"PTSCH-ROM-RLX","0.0000","0.0000"
"PTSCH-ROM-SFL","0.0000","0.0000"
"PTSCH-SLK211-108","109.0000","109.0000"
"PTSCH-SLK211-120","119.0000","119.0000"
"PTSCH-SLK211-84","89.0000","89.0000"
"PTSCH-SLK211-96","99.0000","99.0000"
"PTSCH-SLK211-FB","20.0000","20.0000"
"PTSCH-SLK218-108","109.0000","109.0000"
"PTSCH-SLK218-120","119.0000","119.0000"
"PTSCH-SLK218-84","89.0000","89.0000"
"PTSCH-SLK218-96","99.0000","99.0000"
"PTSCH-SLK218-FB","20.0000","20.0000"
"PTSCH1-11093-63","0.0000","0.0000"
"SH-ORG12-108","89.0000","89.0000"
"SH-ORG12-120","99.0000","99.0000"
"SH-ORG12-84","69.0000","69.0000"
"SH-ORG12-96","79.0000","79.0000"
"SH-ORG2-108","89.0000","89.0000"
"SH-ORG2-120","99.0000","99.0000"
"SH-ORG2-84","69.0000","69.0000"
"SH-ORG2-96","79.0000","79.0000"
"SH-ORG48-108","89.0000","89.0000"
"SH-ORG48-120","99.0000","99.0000"
"SH-ORG48-84","69.0000","69.0000"
"SH-ORG48-96","79.0000","79.0000"
"SHCH-EMB20131A-108","49.0000","49.0000"
"SHCH-EMB20131A-120","54.0000","54.0000"
"SHCH-EMB20131A-84","39.0000","39.0000"
"SHCH-EMB20131A-96","44.0000","44.0000"
"SHCH-EMB20131B-108","49.0000","49.0000"
"SHCH-EMB20131B-120","54.0000","54.0000"
"SHCH-EMB20131B-84","39.0000","39.0000"
"SHCH-EMB20131B-96","44.0000","44.0000"
"SHCH-EMB20132A-108","49.0000","49.0000"
"SHCH-EMB20132A-120","54.0000","54.0000"
"SHCH-EMB20132A-84","39.0000","39.0000"
"SHCH-EMB20132A-96","44.0000","44.0000"
"SHCH-EMB20132B-108","49.0000","49.0000"
"SHCH-EMB20132B-120","54.0000","54.0000"
"SHCH-EMB20132B-84","39.0000","39.0000"
"SHCH-EMB20132B-96","44.0000","44.0000"
"SHCH-EMB20133A-108","54.0000","54.0000"
"SHCH-EMB20133A-120","59.0000","59.0000"
"SHCH-EMB20133A-84","44.0000","44.0000"
"SHCH-EMB20133A-96","49.0000","49.0000"
"SHCH-EMB20133B-108","54.0000","54.0000"
"SHCH-EMB20133B-120","59.0000","59.0000"
"SHCH-EMB20133B-84","44.0000","44.0000"
"SHCH-EMB20133B-96","49.0000","49.0000"
"SHCH-EMB20135-108","59.0000","59.0000"
"SHCH-EMB20135-120","64.0000","64.0000"
"SHCH-EMB20135-84","49.0000","49.0000"
"SHCH-EMB20135-96","54.0000","54.0000"
"SHCH-EMB20136-108","75.0000","75.0000"
"SHCH-EMB20136-120","80.0000","80.0000"
"SHCH-EMB20136-84","65.0000","65.0000"
"SHCH-EMB20136-96","70.0000","70.0000"
"SHCH-EMB20137-108","79.0000","79.0000"
"SHCH-EMB20137-120","84.0000","84.0000"
"SHCH-EMB20137-84","69.0000","69.0000"
"SHCH-EMB20137-96","74.0000","74.0000"
"SHCH-EMB20138-108","65.0000","65.0000"
"SHCH-EMB20138-120","70.0000","70.0000"
"SHCH-EMB20138-84","55.0000","55.0000"
"SHCH-EMB20138-96","60.0000","60.0000"
"SHCH-EMBOCS3231-108","59.0000","59.0000"
"SHCH-EMBOCS3231-84","49.0000","49.0000"
"SHCH-EMBOCS3231-96","54.0000","54.0000"
"SHCH-EMBOCS3293-108","59.0000","59.0000"
"SHCH-EMBOCS3293-84","49.0000","49.0000"
"SHCH-EMBOCS3293-96","54.0000","54.0000"
"SHCH-EMBOCS3595-108","79.0000","79.0000"
"SHCH-EMBOCS3595-120","84.0000","84.0000"
"SHCH-EMBOCS3595-84","69.0000","69.0000"
"SHCH-EMBOCS3595-96","74.0000","74.0000"
"SHCH-EMBOCS4084-108","59.0000","59.0000"
"SHCH-EMBOCS4084-84","49.0000","49.0000"
"SHCH-EMBOCS4084-96","54.0000","54.0000"
"SHCH-LH1211-108","49.0000","49.0000"
"SHCH-LH1211-84","39.0000","39.0000"
"SHCH-LH1211-96","44.0000","44.0000"
"SHCH-LH1222-108","49.0000","49.0000"
"SHCH-LH1222-84","39.0000","39.0000"
"SHCH-LH1222-96","44.0000","44.0000"
"SHCH-LH130-108","49.0000","49.0000"
"SHCH-LH130-84","39.0000","39.0000"
"SHCH-LH130-96","44.0000","44.0000"
"SHCH-LH159-108","49.0000","49.0000"
"SHCH-LH159-84","39.0000","39.0000"
"SHCH-LH159-96","44.0000","44.0000"
"SHCH-LH20132-108","49.0000","49.0000"
"SHCH-LH20132-84","39.0000","39.0000"
"SHCH-LH20132-96","44.0000","44.0000"
"SHCH-LH20133-108","49.0000","49.0000"
"SHCH-LH20133-84","39.0000","39.0000"
"SHCH-LH20133-96","44.0000","44.0000"
"SHCH-LH20134-108","49.0000","49.0000"
"SHCH-LH20134-84","39.0000","39.0000"
"SHCH-LH20134-96","44.0000","44.0000"
"SHCH-LH20135-108","49.0000","49.0000"
"SHCH-LH20135-84","39.0000","39.0000"
"SHCH-LH20135-96","44.0000","44.0000"
"SHCH-LH20136-108","49.0000","49.0000"
"SHCH-LH20136-108","49.0000","49.0000"
"SHCH-LH20136-84","39.0000","39.0000"
"SHCH-LH20136-84","39.0000","39.0000"
"SHCH-LH20136-96","44.0000","44.0000"
"SHCH-LH20136-96","44.0000","44.0000"
"SHCH-LH94A-108","49.0000","49.0000"
"SHCH-LH94A-84","39.0000","39.0000"
"SHCH-LH94A-96","44.0000","44.0000"
"SHCH-LH96-108","49.0000","49.0000"
"SHCH-LH96-84","39.0000","39.0000"
"SHCH-LH96-96","44.0000","44.0000"
"SHCH-LH97-108","49.0000","49.0000"
"SHCH-LH97-108","49.0000","49.0000"
"SHCH-LH97-84","39.0000","39.0000"
"SHCH-LH97-84","39.0000","39.0000"
"SHCH-LH97-96","44.0000","44.0000"
"SHCH-LH97-96","44.0000","44.0000"
"SHCH-LHOCS333-108","49.0000","49.0000"
"SHCH-LHOCS333-84","39.0000","39.0000"
"SHCH-LHOCS333-96","44.0000","44.0000"
"SHCH-ORG1-108-PR","32.9900","32.9900"
"SHCH-ORG1-120-PR","37.9900","37.9900"
"SHCH-ORG1-84-PR","19.9900","19.9900"
"SHCH-ORG1-96-PR","26.9900","26.9900"
"SHCH-ORG2-108-PR","32.9900","32.9900"
"SHCH-ORG2-120-PR","37.9900","37.9900"
"SHCH-ORG2-84-PR","19.9900","19.9900"
"SHCH-ORG2-96-PR","26.9900","26.9900"
"SHCH-ORG6-108-PR","32.9900","32.9900"
"SHCH-ORG6-120-PR","37.9900","37.9900"
"SHCH-ORG6-84-PR","19.9900","19.9900"
"SHCH-ORG6-96-PR","26.9900","26.9900"
"SHCH-OUR1921ASH-108","34.9900","34.9900"
"SHCH-OUR1921ASH-84","24.9900","24.9900"
"SHCH-OUR1921ASH-96","29.9900","29.9900"
"SHCH-OUR1922COC-108","34.9900","34.9900"
"SHCH-OUR1922COC-84","24.9900","24.9900"
"SHCH-OUR1922COC-96","29.9900","29.9900"
"SHCH-OUR1923NAT-108","34.9900","34.9900"
"SHCH-OUR1923NAT-84","24.9900","24.9900"
"SHCH-OUR1923NAT-96","29.9900","29.9900"
"SHCH-OUR1925BLU-108","34.9900","34.9900"
"SHCH-OUR1925BLU-84","24.9900","24.9900"
"SHCH-OUR1925BLU-96","29.9900","29.9900"
"SHCH-VOL1-108-DLDW","128.0000","128.0000"
"SHCH-VOL1-108-DLSW","89.0000","89.0000"
"SHCH-VOL1-108-PR","32.9900","32.9900"
"SHCH-VOL1-108-SLDW","42.9900","42.9900"
"SHCH-VOL1-120-DLDW","138.0000","138.0000"
"SHCH-VOL1-120-DLSW","94.0000","94.0000"
"SHCH-VOL1-120-PR","37.9900","37.9900"
"SHCH-VOL1-120-SLDW","45.9900","45.9900"
"SHCH-VOL1-84-DLDW","108.0000","108.0000"
"SHCH-VOL1-84-DLSW","69.0000","69.0000"
"SHCH-VOL1-84-PR","19.9900","19.9900"
"SHCH-VOL1-84-SLDW","35.9900","35.9900"
"SHCH-VOL1-96-DLDW","118.0000","118.0000"
"SHCH-VOL1-96-DLSW","79.0000","79.0000"
"SHCH-VOL1-96-PR","26.9900","26.9900"
"SHCH-VOL1-96-SLDW","39.9900","39.9900"
"SHCH-VOL1-SW","0.9900","0.9900"
"SHCH-VOL3-108-DLDW","128.0000","128.0000"
"SHCH-VOL3-108-DLSW","89.0000","89.0000"
"SHCH-VOL3-108-PR","32.9900","32.9900"
"SHCH-VOL3-108-SLDW","42.9900","42.9900"
"SHCH-VOL3-120-DLDW","138.0000","138.0000"
"SHCH-VOL3-120-DLSW","94.0000","94.0000"
"SHCH-VOL3-120-PR","37.9900","37.9900"
"SHCH-VOL3-120-SLDW","45.9900","45.9900"
"SHCH-VOL3-84-DLDW","108.0000","108.0000"
"SHCH-VOL3-84-DLSW","69.0000","69.0000"
"SHCH-VOL3-84-PR","19.9900","19.9900"
"SHCH-VOL3-84-SLDW","35.9900","35.9900"
"SHCH-VOL3-96-DLDW","118.0000","118.0000"
"SHCH-VOL3-96-DLSW","79.0000","79.0000"
"SHCH-VOL3-96-PR","26.9900","26.9900"
"SHCH-VOL3-96-SLDW","39.9900","39.9900"
"SHCH-VOL3-SW","0.9900","0.9900"
"SHFLNCH-M011-108","35.0000","35.0000"
"SHFLNCH-M011-120","40.0000","40.0000"
"SHFLNCH-M011-84","25.0000","25.0000"
"SHFLNCH-M011-96","30.0000","30.0000"
"SHFLNCH-M012-108","35.0000","35.0000"
"SHFLNCH-M012-120","40.0000","40.0000"
"SHFLNCH-M012-84","25.0000","25.0000"
"SHFLNCH-M012-96","30.0000","30.0000"
"SHFLNCH-M013-108","35.0000","35.0000"
"SHFLNCH-M013-120","40.0000","40.0000"
"SHFLNCH-M013-84","25.0000","25.0000"
"SHFLNCH-M013-96","30.0000","30.0000"
"SHFLNCH-M015-108","35.0000","35.0000"
"SHFLNCH-M015-84","24.0000","25.0000"
"SHFLNCH-M015-96","30.0000","30.0000"
"SHLNCH-J0105-108","46.0000","46.0000"
"SHLNCH-J0105-120","49.0000","49.0000"
"SHLNCH-J0105-84","39.0000","39.0000"
"SHLNCH-J0105-96","44.0000","44.0000"
"SHLNCH-J0106-108","46.0000","46.0000"
"SHLNCH-J0106-120","49.0000","49.0000"
"SHLNCH-J0106-84","39.0000","39.0000"
"SHLNCH-J0106-96","44.0000","44.0000"
"SS-ROM-CAS","0.0000","0.0000"
"SS-ROM-FSL","0.0000","0.0000"
"SS-ROM-RLX","0.0000","0.0000"
"SS-ROM-SFL","0.0000","0.0000"
"SS-SBN1-108-RU","289.0000","289.0000"
"SS-SBN1-120-RU","299.0000","299.0000"
"SS-SBN1-84-RU","259.0000","259.0000"
"SS-SBN1-96-RU","279.0000","279.0000"
"SS-SBN11-108","199.0000","199.0000"
"SS-SBN11-120","209.0000","209.0000"
"SS-SBN11-84","179.0000","179.0000"
"SS-SBN11-96","189.0000","189.0000"
"SS-SBN11-FB","45.0000","45.0000"
"SS-SBR13-108","199.0000","199.0000"
"SS-SBR13-108-RU","289.0000","289.0000"
"SS-SBR13-120","209.0000","209.0000"
"SS-SBR13-120-RU","299.0000","299.0000"
"SS-SBR13-84","179.0000","179.0000"
"SS-SBR13-84-RU","259.0000","259.0000"
"SS-SBR13-96","189.0000","189.0000"
"SS-SBR13-96-RU","279.0000","279.0000"
"SS-SBR13-FB","45.0000","45.0000"
"SS-SCB01-108","199.0000","199.0000"
"SS-SCB01-120","209.0000","209.0000"
"SS-SCB01-84","179.0000","179.0000"
"SS-SCB01-84-RU","259.0000","259.0000"
"SS-SCB01-96","189.0000","189.0000"
"SS-SCB01-FB","45.0000","45.0000"
"SS-SCB02-96-RU","279.0000","279.0000"
"SS-SCB03-108-RU","289.0000","289.0000"
"SS-SCB04-120-RU","299.0000","299.0000"
"SS-SCY22-108-RU","289.0000","289.0000"
"SS-SCY22-120-RU","299.0000","299.0000"
"SS-SCY22-84-RU","259.0000","259.0000"
"SS-SCY22-96-RU","279.0000","279.0000"
"SS-SCY22-FB","45.0000","45.0000"
"SS-SG05-108","199.0000","199.0000"
"SS-SG05-108-RU","289.0000","289.0000"
"SS-SG05-120","209.0000","209.0000"
"SS-SG05-120-RU","299.0000","299.0000"
"SS-SG05-84","179.0000","179.0000"
"SS-SG05-84-RU","259.0000","259.0000"
"SS-SG05-96","189.0000","189.0000"
"SS-SG05-96-RU","279.0000","279.0000"
"SS-SG05-FB","45.0000","45.0000"
"SS-SG17-108-RU","289.0000","289.0000"
"SS-SG17-120-RU","299.0000","299.0000"
"SS-SG17-84-RU","259.0000","259.0000"
"SS-SG17-96-RU","279.0000","279.0000"
"SS-SG17-FB","45.0000","45.0000"
"SS-SGD21-108","199.0000","199.0000"
"SS-SGD21-108-RU","289.0000","289.0000"
"SS-SGD21-120","209.0000","209.0000"
"SS-SGD21-120-RU","299.0000","299.0000"
"SS-SGD21-84","179.0000","179.0000"
"SS-SGD21-84-RU","259.0000","259.0000"
"SS-SGD21-96","189.0000","189.0000"
"SS-SGD21-96-RU","279.0000","279.0000"
"SS-SGD21-FB","45.0000","45.0000"
"SS-SMB19-108","199.0000","199.0000"
"SS-SMB19-108-RU","289.0000","289.0000"
"SS-SMB19-120","209.0000","209.0000"
"SS-SMB19-120-RU","299.0000","299.0000"
"SS-SMB19-84","179.0000","179.0000"
"SS-SMB19-84-RU","259.0000","259.0000"
"SS-SMB19-96","189.0000","189.0000"
"SS-SMB19-96-RU","279.0000","279.0000"
"SS-SMB19-FB","45.0000","45.0000"
"SS-SMR04-108","199.0000","199.0000"
"SS-SMR04-108-RU","289.0000","289.0000"
"SS-SMR04-120","209.0000","209.0000"
"SS-SMR04-120-RU","299.0000","299.0000"
"SS-SMR04-84","179.0000","179.0000"
"SS-SMR04-84-RU","259.0000","259.0000"
"SS-SMR04-96","189.0000","189.0000"
"SS-SMR04-96-RU","279.0000","279.0000"
"SS-SMR04-FB","45.0000","45.0000"
"SS-SPW28-108","199.0000","199.0000"
"SS-SPW28-108-RU","289.0000","289.0000"
"SS-SPW28-120","299.0000","299.0000"
"SS-SPW28-120","299.0000","299.0000"
"SS-SPW28-84","179.0000","179.0000"
"SS-SPW28-84-RU","259.0000","259.0000"
"SS-SPW28-96","189.0000","189.0000"
"SS-SPW28-96-RU","279.0000","279.0000"
"SS-SPW28-FB","45.0000","45.0000"
"SS-SSB02-108","199.0000","199.0000"
"SS-SSB02-108-RU","289.0000","289.0000"
"SS-SSB02-120","209.0000","209.0000"
"SS-SSB02-120-RU","299.0000","299.0000"
"SS-SSB02-84","179.0000","179.0000"
"SS-SSB02-84-RU","259.0000","259.0000"
"SS-SSB02-96","189.0000","189.0000"
"SS-SSB02-96-RU","279.0000","279.0000"
"SS-SSB02-FB","45.0000","45.0000"
"SS-STG16-108","199.0000","199.0000"
"SS-STG16-108-RU","289.0000","289.0000"
"SS-STG16-120","209.0000","209.0000"
"SS-STG16-120-RU","299.0000","299.0000"
"SS-STG16-84","179.0000","179.0000"
"SS-STG16-84-RU","259.0000","259.0000"
"SS-STG16-96","189.0000","189.0000"
"SS-STG16-96-RU","279.0000","279.0000"
"SS-STG16-FB","45.0000","45.0000"
"SSRW-LF935-108","184.0000","184.0000"
"SSRW-LF935-120","194.0000","194.0000"
"SSRW-LF935-84","159.0000","159.0000"
"SSRW-LF935-96","174.0000","174.0000"
"SSRW-LF951-108","184.0000","184.0000"
"SSRW-LF951-120","194.0000","194.0000"
"SSRW-LF951-84","159.0000","159.0000"
"SSRW-LF951-96","174.0000","174.0000"
"SSRW-LF952-108","184.0000","184.0000"
"SSRW-LF952-120","194.0000","194.0000"
"SSRW-LF952-84","159.0000","159.0000"
"SSRW-LF952-96","174.0000","174.0000"
"SSRW-LF953-108","184.0000","184.0000"
"SSRW-LF953-120","194.0000","194.0000"
"SSRW-LF953-84","159.0000","159.0000"
"SSRW-LF953-96","174.0000","174.0000"
"SSRW-LF954-108","184.0000","184.0000"
"SSRW-LF954-120","194.0000","194.0000"
"SSRW-LF954-84","159.0000","159.0000"
"SSRW-LF954-96","174.0000","174.0000"
"SSRW-LF956-108","184.0000","184.0000"
"SSRW-LF956-120","194.0000","194.0000"
"SSRW-LF956-84","159.0000","159.0000"
"SSRW-LF956-96","174.0000","174.0000"
"SSRW-LF959-108","184.0000","184.0000"
"SSRW-LF959-120","194.0000","194.0000"
"SSRW-LF959-84","159.0000","159.0000"
"SSRW-LF959-96","174.0000","174.0000"
"SSRW-ROM-CAS","0.0000","0.0000"
"SSRW-ROM-FSL","0.0000","0.0000"
"SSRW-ROM-RLX","0.0000","0.0000"
"SSRW-ROM-SFL","0.0000","0.0000"
"SSTF-1-108","219.0000","219.0000"
"SSTF-1-120","234.0000","234.0000"
"SSTF-1-84","189.0000","189.0000"
"SSTF-1-96","204.0000","204.0000"
"SSTF-2-108","219.0000","219.0000"
"SSTF-2-120","234.0000","234.0000"
"SSTF-2-84","189.0000","189.0000"
"SSTF-2-96","204.0000","204.0000"
"SSTF-3-108","219.0000","219.0000"
"SSTF-3-120","234.0000","234.0000"
"SSTF-3-84","189.0000","189.0000"
"SSTF-3-96","204.0000","204.0000"
"SSTF-4-108","219.0000","219.0000"
"SSTF-4-120","234.0000","234.0000"
"SSTF-4-84","189.0000","189.0000"
"SSTF-4-96","204.0000","204.0000"
"SSTF-5-108","219.0000","219.0000"
"SSTF-5-120","234.0000","234.0000"
"SSTF-5-84","189.0000","189.0000"
"SSTF-5-96","204.0000","204.0000"
"SSTF-6-108","219.0000","219.0000"
"SSTF-6-120","234.0000","234.0000"
"SSTF-6-84","189.0000","189.0000"
"SSTF-6-96","204.0000","204.0000"
"SSTF-7-108","219.0000","219.0000"
"SSTF-7-120","234.0000","234.0000"
"SSTF-7-84","189.0000","189.0000"
"SSTF-7-96","204.0000","204.0000"
"SSTF-8-108","219.0000","219.0000"
"SSTF-8-120","234.0000","234.0000"
"SSTF-8-84","189.0000","189.0000"
"SSTF-8-96","204.0000","204.0000"
"VCCH-VET1201-108","55.0000","55.0000"
"VCCH-VET1201-120","139.0000","139.0000"
"VCCH-VET1201-84","99.0000","45.0000"
"VCCH-VET1201-96","119.0000","119.0000"
"VCCH-VET12010-108","129.0000","129.0000"
"VCCH-VET12010-120","139.0000","139.0000"
"VCCH-VET12010-84","99.0000","99.0000"
"VCCH-VET12010-96","119.0000","119.0000"
"VCCH-VET1202-108","129.0000","129.0000"
"VCCH-VET1202-120","139.0000","139.0000"
"VCCH-VET1202-84","99.0000","99.0000"
"VCCH-VET1202-96","119.0000","119.0000"
"VCCH-VET1203-108","129.0000","129.0000"
"VCCH-VET1203-120","139.0000","139.0000"
"VCCH-VET1203-84","99.0000","99.0000"
"VCCH-VET1203-96","119.0000","119.0000"
"VCCH-VET1204-108","129.0000","129.0000"
"VCCH-VET1204-120","139.0000","139.0000"
"VCCH-VET1204-84","99.0000","99.0000"
"VCCH-VET1204-96","119.0000","119.0000"
"VCCH-VET1205-108","129.0000","129.0000"
"VCCH-VET1205-120","139.0000","139.0000"
"VCCH-VET1205-84","99.0000","99.0000"
"VCCH-VET1205-96","119.0000","119.0000"
"VCCH-VET1206-108","129.0000","129.0000"
"VCCH-VET1206-120","139.0000","139.0000"
"VCCH-VET1206-84","99.0000","99.0000"
"VCCH-VET1206-96","119.0000","119.0000"
"VCCH-VET1207-108","129.0000","129.0000"
"VCCH-VET1207-120","139.0000","139.0000"
"VCCH-VET1207-84","99.0000","99.0000"
"VCCH-VET1207-96","119.0000","119.0000"
"VCCH-VET1208-108","129.0000","129.0000"
"VCCH-VET1208-120","139.0000","139.0000"
"VCCH-VET1208-84","99.0000","99.0000"
"VCCH-VET1208-96","119.0000","119.0000"
"VCCH-VET1209-108","129.0000","129.0000"
"VCCH-VET1209-120","139.0000","139.0000"
"VCCH-VET1209-84","99.0000","99.0000"
"VCCH-VET1209-96","119.0000","119.0000"
"VPCH-110602-108","104.0000","104.0000"
"VPCH-110602-108-GRBO","104.0000","104.0000"
"VPCH-110602-120","114.0000","114.0000"
"VPCH-110602-120-GRBO","114.0000","114.0000"
"VPCH-110602-84","79.0000","79.0000"
"VPCH-110602-84-GRBO","79.0000","79.0000"
"VPCH-110602-96","94.0000","94.0000"
"VPCH-110602-96-GRBO","94.0000","94.0000"
"VPCH-110602-FB","18.0000","18.0000"
"VPCH-120601-108","104.0000","104.0000"
"VPCH-120601-120","114.0000","114.0000"
"VPCH-120601-84","79.0000","79.0000"
"VPCH-120601-96","94.0000","94.0000"
"VPCH-120601-FB","18.0000","18.0000"
"VPCH-141113-108","104.0000","104.0000"
"VPCH-141113-120","114.0000","114.0000"
"VPCH-141113-84","79.0000","79.0000"
"VPCH-141113-96","94.0000","94.0000"
"VPCH-141113-FB","18.0000","18.0000"
"VPCH-145002-108","104.0000","104.0000"
"VPCH-145002-108-GRBO","104.0000","104.0000"
"VPCH-145002-120","114.0000","114.0000"
"VPCH-145002-120-GRBO","114.0000","114.0000"
"VPCH-145002-84","79.0000","79.0000"
"VPCH-145002-84-GRBO","79.0000","79.0000"
"VPCH-145002-96","94.0000","94.0000"
"VPCH-145002-96-GRBO","94.0000","94.0000"
"VPCH-145002-FB","18.0000","18.0000"
"VPCH-184005-108","104.0000","104.0000"
"VPCH-184005-108-GRBO","104.0000","104.0000"
"VPCH-184005-120","114.0000","114.0000"
"VPCH-184005-120-GRBO","114.0000","114.0000"
"VPCH-184005-84","79.0000","79.0000"
"VPCH-184005-84-GRBO","79.0000","79.0000"
"VPCH-184005-96","94.0000","94.0000"
"VPCH-184005-96-GRBO","94.0000","94.0000"
"VPCH-184005-FB","18.0000","18.0000"
"VPCH-190622-108","104.0000","104.0000"
"VPCH-190622-108-GRBO","104.0000","104.0000"
"VPCH-190622-120","114.0000","114.0000"
"VPCH-190622-120-GRBO","114.0000","114.0000"
"VPCH-190622-84","79.0000","79.0000"
"VPCH-190622-84-GRBO","79.0000","79.0000"
"VPCH-190622-96","94.0000","94.0000"
"VPCH-190622-96-GRBO","94.0000","94.0000"
"VPCH-190622-FB","18.0000","18.0000"
"VPCH-190912-108","104.0000","104.0000"
"VPCH-190912-108-GRBO","104.0000","104.0000"
"VPCH-190912-120","114.0000","114.0000"
"VPCH-190912-120-GRBO","114.0000","114.0000"
"VPCH-190912-84","79.0000","79.0000"
"VPCH-190912-84-GRBO","79.0000","79.0000"
"VPCH-190912-96","94.0000","94.0000"
"VPCH-190912-96-GRBO","94.0000","94.0000"
"VPCH-190912-FB","18.0000","18.0000"
"VPCH-192018-108","104.0000","104.0000"
"VPCH-192018-108-GRBO","104.0000","104.0000"
"VPCH-192018-120","114.0000","114.0000"
"VPCH-192018-120-GRBO","114.0000","114.0000"
"VPCH-192018-84","79.0000","79.0000"
"VPCH-192018-84-GRBO","79.0000","79.0000"
"VPCH-192018-96","94.0000","94.0000"
"VPCH-192018-96-GRBO","94.0000","94.0000"
"VPCH-192018-FB","18.0000","18.0000"
"VPCH-192315-108","104.0000","104.0000"
"VPCH-192315-108-GRBO","104.0000","104.0000"
"VPCH-192315-120","114.0000","114.0000"
"VPCH-192315-120-GRBO","114.0000","114.0000"
"VPCH-192315-84","79.0000","79.0000"
"VPCH-192315-84-GRBO","79.0000","79.0000"
"VPCH-192315-96","94.0000","94.0000"
"VPCH-192315-96-GRBO","94.0000","94.0000"
"VPCH-192315-FB","18.0000","18.0000"
"VPCH-193810-96","94.0000","94.0000"
"VPCH-194007-108","104.0000","104.0000"
"VPCH-194007-108","104.0000","104.0000"
"VPCH-194007-108-GRBO","104.0000","104.0000"
"VPCH-194007-120","114.0000","114.0000"
"VPCH-194007-120","114.0000","114.0000"
"VPCH-194007-120-GRBO","114.0000","114.0000"
"VPCH-194007-84","79.0000","79.0000"
"VPCH-194007-84","79.0000","79.0000"
"VPCH-194007-84-GRBO","79.0000","79.0000"
"VPCH-194007-96","94.0000","94.0000"
"VPCH-194007-96-GRBO","94.0000","94.0000"
"VPCH-194007-FB","18.0000","18.0000"
"VPCH-194023-108","104.0000","104.0000"
"VPCH-194023-108-GRBO","104.0000","104.0000"
"VPCH-194023-120","114.0000","114.0000"
"VPCH-194023-120-GRBO","114.0000","114.0000"
"VPCH-194023-84","79.0000","79.0000"
"VPCH-194023-84-GRBO","79.0000","79.0000"
"VPCH-194023-96","94.0000","94.0000"
"VPCH-194023-96-GRBO","94.0000","94.0000"
"VPCH-194023-FB","18.0000","18.0000"
"VPCH-ROM-CAS","0.0000","0.0000"
"VPCH-ROM-FSL","0.0000","0.0000"
"VPCH-ROM-RLX","0.0000","0.0000"
"VPCH-ROM-SFL","0.0000","0.0000"
"VPCH-VET1211-108","169.0000","169.0000"
"VPCH-VET1211-120","179.0000","179.0000"
"VPCH-VET1211-84","149.0000","149.0000"
"VPCH-VET1211-96","159.0000","159.0000"
"VPCH-VET1212-108","169.0000","169.0000"
"VPCH-VET1212-120","179.0000","179.0000"
"VPCH-VET1212-84","149.0000","149.0000"
"VPCH-VET1212-96","159.0000","159.0000"
"VPCH-VET1213-108","169.0000","169.0000"
"VPCH-VET1213-120","179.0000","179.0000"
"VPCH-VET1213-84","149.0000","149.0000"
"VPCH-VET1213-96","159.0000","159.0000"
"VPCH-VET1214-108","169.0000","169.0000"
"VPCH-VET1214-120","179.0000","179.0000"
"VPCH-VET1214-84","149.0000","149.0000"
"VPCH-VET1214-96","159.0000","159.0000"
"VPCH-VET1215-108","169.0000","169.0000"
"VPCH-VET1215-120","179.0000","179.0000"
"VPCH-VET1215-84","149.0000","149.0000"
"VPCH-VET1215-96","159.0000","159.0000"
"VPCH-VET1216-108","169.0000","169.0000"
"VPCH-VET1216-120","179.0000","179.0000"
"VPCH-VET1216-84","149.0000","149.0000"
"VPCH-VET1216-96","159.0000","159.0000"
"VPCH-VET1217-108","169.0000","169.0000"
"VPCH-VET1217-120","179.0000","179.0000"
"VPCH-VET1217-84","149.0000","149.0000"
"VPCH-VET1217-96","159.0000","159.0000"
"VPCH-VET1218-108","169.0000","169.0000"
"VPCH-VET1218-120","179.0000","179.0000"
"VPCH-VET1218-84","149.0000","149.0000"
"VPCH-VET1218-96","159.0000","159.0000"
"VPCH-VET1219-108","169.0000","169.0000"
"VPCH-VET1219-120","179.0000","179.0000"
"VPCH-VET1219-84","149.0000","149.0000"
"VPCH-VET1219-96","159.0000","159.0000"

